Gender,Sexual orientation,Response,Tag,N,left_wing_tolerance,right_wing_tolerance
Men,Straight (Heterosexual): 30; Bisexual: 1; Queer/Questioning/Other: 1,Sikh,Normal,32,41.3,38.5
Men,Straight (Heterosexual): 28; Bisexual: 1,Lutheran,Normal,29,37.5,56.7
Men,Straight (Heterosexual): 12; Gay/Lesbian: 2; Queer/Questioning/Other: 2,Spiritual,Normal,16,53.5,41.7
Men,Straight (Heterosexual): 13; Queer/Questioning/Other: 1,Christian,Normal,14,42.1,58.7
Men,Straight (Heterosexual): 11; Bisexual: 2,Jain,Normal,13,39.3,43.6
Men,Gay/Lesbian: 1; Bisexual: 3; Queer/Questioning/Other: 3; Missing: 1,Pagan,Unusual,8,55.6,23.6
Men,Straight (Heterosexual): 6; Gay/Lesbian: 1,Catholic,Normal,7,41.3,50.8
Men,Straight (Heterosexual): 5; Bisexual: 1; Missing: 1,Prefer not to say,Other,7,52.4,44.4
Men,Straight (Heterosexual): 4; Gay/Lesbian: 2,Episcopalian,Normal,6,50.0,44.4
Men,Straight (Heterosexual),Sikhism,Normal,6,37.0,44.4
Men,Straight (Heterosexual): 4; Missing: 1,Presbyterian,Normal,5,22.2,40.0
Men,Straight (Heterosexual),sikh,Normal,5,22.2,22.2
Men,Straight (Heterosexual): 2; Gay/Lesbian: 1; Queer/Questioning/Other: 1,Deist,Unusual,4,72.2,72.2
Men,Straight (Heterosexual): 3; Bisexual: 1,Episcopal,Normal,4,36.1,30.6
Men,Straight (Heterosexual),Seventh day Adventist,Normal,4,52.8,50.0
Men,Straight (Heterosexual),.,Other,3,14.8,44.4
Men,Straight (Heterosexual),Anglican,Normal,3,51.8,55.6
Men,Straight (Heterosexual),Coptic orthodox,Normal,3,48.2,25.9
Men,Straight (Heterosexual),Jainism,Normal,3,18.5,33.3
Men,Straight (Heterosexual),Non denominational Christian,Normal,3,37.0,55.5
Men,Straight (Heterosexual),None,Other,3,29.6,14.8
Men,Straight (Heterosexual),Not sure,Other,3,59.3,55.6
Men,Straight (Heterosexual): 1; Bisexual: 1; Queer/Questioning/Other: 1,Quaker,Normal,3,77.8,70.4
Men,Straight (Heterosexual),Shinto,Normal,3,55.5,14.8
Men,Straight (Heterosexual),none,Other,3,48.1,55.5
Men,Straight (Heterosexual),Baptist,Normal,2,33.4,61.1
Men,Straight (Heterosexual),Druze,Normal,2,50.0,38.8
Men,Queer/Questioning/Other,Hellenist,Unusual,2,55.6,22.2
Men,Straight (Heterosexual): 1; Missing: 1,Humanist,Normal,2,83.4,83.4
Men,Straight (Heterosexual),Methodist Christian,Normal,2,22.2,77.8
Men,Straight (Heterosexual): 1; Bisexual: 1,Non Denominational Christian,Normal,2,38.8,33.3
Men,Straight (Heterosexual),Non denominational,Normal,2,66.6,61.1
Men,Straight (Heterosexual),Non-Denominational Christian,Normal,2,77.8,83.4
Men,Straight (Heterosexual): 1; Bisexual: 1,Polytheistic,Unusual,2,55.6,33.4
Men,Queer/Questioning/Other,Reformed Christian,Normal,2,66.7,66.7
Men,Straight (Heterosexual),Spiritualism,Normal,2,0.0,5.6
Men,Straight (Heterosexual): 1; Missing: 1,Taoist,Normal,2,55.6,83.4
Men,Straight (Heterosexual),other,Other,2,11.1,50.0
Men,Straight (Heterosexual): 1; Gay/Lesbian: 1,spiritual,Normal,2,55.6,33.3
Men,Straight (Heterosexual),"3, 6, 9",Joke,1,33.3,55.6
Men,Bisexual,Adventist,Normal,1,0.0,0.0
Men,Straight (Heterosexual),Agnostic atheist,Normal,1,88.9,88.9
Men,Straight (Heterosexual),Agnostic atheist (don’t possess a belief in any gods but don’t claim to know for sure whether they exist),Long explanation,1,44.4,44.4
Men,Straight (Heterosexual),Agnostic but looking into Christianity,Short explanation,1,0.0,0.0
Men,Queer/Questioning/Other,Agnostic: I believe that there’s some higher power out there but there is no evidence of what it is.,Long explanation,1,33.3,22.2
Men,Straight (Heterosexual),Amari,Joke,1,33.3,33.3
Men,Gay/Lesbian,Anglican. Common mistake that there is an assumed binary between Catholic and Protestant (Anglican is neither),Long explanation,1,100.0,100.0
Men,Straight (Heterosexual),Atheist. Does metamodernism count?,Joke,1,88.9,44.4
Men,Straight (Heterosexual),Bahai,Normal,1,44.4,22.2
Men,Straight (Heterosexual),Baseball Gods,Joke,1,22.2,22.2
Men,Straight (Heterosexual),Believe in God,Short explanation,1,33.3,33.3
Men,Straight (Heterosexual),"Believe in God, don't subscribe to a specific religion. But certainly not Athiest or Agnostic",Long explanation,1,100.0,100.0
Men,Straight (Heterosexual),"Believe in God, no particular religion",Short explanation,1,33.3,22.2
Men,Straight (Heterosexual),Believe in Jesus,Short explanation,1,22.2,44.4
Men,Straight (Heterosexual),Believer,Normal,1,33.3,44.4
Men,Straight (Heterosexual),Believer in God,Normal,1,44.4,33.3
Men,Straight (Heterosexual),Bi-ritual Catholic (Roman and Byzantine),Short explanation,1,33.3,77.8
Men,Queer/Questioning/Other,Both Buddhist and Christian,Short explanation,1,44.4,66.7
Men,Straight (Heterosexual),Both Jewish and Protestant (interfaith),Short explanation,1,33.3,11.1
Men,Straight (Heterosexual),CHRIST IS KING,Joke,1,66.7,88.9
Men,Queer/Questioning/Other,Candomblé,Normal,1,100.0,100.0
Men,Straight (Heterosexual),Catholic Hindu,Normal,1,66.7,55.6
Men,Gay/Lesbian,Catholic and Vietnamese Buddhism Cult,Joke,1,33.3,33.3
Men,Straight (Heterosexual),Catholic-ish,Normal,1,55.6,22.2
Men,Straight (Heterosexual),Catholic/Agnostic,Short explanation,1,66.7,66.7
Men,Straight (Heterosexual),Catholicism,Normal,1,0.0,11.1
Men,Gay/Lesbian,Celtic Pegan,Unusual,1,22.2,0.0
Men,Straight (Heterosexual),Christ is King,Joke,1,0.0,66.7
Men,Straight (Heterosexual),Christian beliefs,Normal,1,11.1,33.3
Men,Straight (Heterosexual),Christian… not “Just” Christian,Normal,1,22.2,55.6
Men,Bisexual,Complex,Other,1,88.9,88.9
Men,Straight (Heterosexual),Coptic Orthodox Christian,Normal,1,44.4,55.6
Men,Straight (Heterosexual),Daoist,Normal,1,22.2,11.1
Men,Straight (Heterosexual),Deism,Unusual,1,55.6,44.4
Men,Bisexual,Deist (there is an Absent God),Short explanation,1,66.7,44.4
Men,Straight (Heterosexual),Different,Other,1,22.2,66.7
Men,Straight (Heterosexual),Disciple of Christ,Normal,1,22.2,88.9
Men,Missing,Disciple of Cthulu,Joke,1,55.6,11.1
Men,Straight (Heterosexual),Don't do religion as that's slavery to control the masses... I have a soul and into high level spiritualism and metaphysics.,Long explanation,1,100.0,100.0
Men,Missing,Dont want to say,Other,1,44.4,44.4
Men,Straight (Heterosexual),ELCA Lutheran,Normal,1,66.7,44.4
Men,Straight (Heterosexual),Episcopal Catholic,Normal,1,44.4,33.3
Men,Queer/Questioning/Other,Episcopal Christian,Normal,1,66.7,55.6
Men,Straight (Heterosexual),Evangelical,Normal,1,33.3,22.2
Men,Straight (Heterosexual),Existentialism,Unusual,1,22.2,0.0
Men,Straight (Heterosexual),Exploring (primarily Christianity),Short explanation,1,33.3,44.4
Men,Straight (Heterosexual),Follow a higher power,Short explanation,1,22.2,22.2
Men,Straight (Heterosexual),Follower of Jesus Christ,Normal,1,66.7,66.7
Men,Gay/Lesbian,Former Christian,Short explanation,1,55.6,33.3
Men,Missing,Fuck off,Joke,1,55.6,44.4
Men,Gay/Lesbian,Gaea,Unusual,1,44.4,11.1
Men,Straight (Heterosexual),Global Methodist,Normal,1,22.2,55.6
Men,Straight (Heterosexual),Gnostic,Normal,1,66.7,66.7
Men,Straight (Heterosexual),God,Normal,1,11.1,0.0
Men,Straight (Heterosexual),God exist,Normal,1,33.3,33.3
Men,Straight (Heterosexual),God-Believer,Normal,1,100.0,100.0
Men,Straight (Heterosexual),Greek Orthodox,Normal,1,11.1,11.1
Men,Straight (Heterosexual),Heathen,Unusual,1,33.3,11.1
Men,Gay/Lesbian,Hellenistic Pagan,Unusual,1,100.0,0.0
Men,Straight (Heterosexual),Hindu and Orthodox Christian,Short explanation,1,88.9,0.0
Men,Bisexual,I believe in GOD!,Joke,1,33.3,55.6
Men,Straight (Heterosexual),I believe in God our father i’m not “Just Christian”,Short explanation,1,0.0,33.3
Men,Straight (Heterosexual),I believe in god but I have a hard time believing modern religions.,Long explanation,1,66.7,88.9
Men,Straight (Heterosexual),I believe that interpretation (the act of bridging the gap (communicating between two entirely seperate souls)) is god. Art is religious ritual because it engages in interpretation. interpretation is the unknown that affects our lives for eternity - it is the single unknown that rules our universe and therefore is god.,Long explanation,1,44.4,22.2
Men,Straight (Heterosexual),I grew up Mormon but do not know where I stand with religion as of now,Long explanation,1,66.7,33.3
Men,Queer/Questioning/Other,I love the bible and Jesus,Short explanation,1,66.7,55.6
Men,Straight (Heterosexual),Idk,Other,1,44.4,44.4
Men,Straight (Heterosexual),Im diving into christianity and I want to believe in god.,Long explanation,1,66.7,66.7
Men,Bisexual,Indigenous,Unusual,1,66.7,33.3
Men,Queer/Questioning/Other,Indigenous Religion,Unusual,1,77.8,11.1
Men,Straight (Heterosexual),Indigenous traditional,Unusual,1,55.6,55.6
Men,Straight (Heterosexual),Interfaith,Short explanation,1,55.6,22.2
Men,Straight (Heterosexual),Israelite,Normal,1,11.1,22.2
Men,Missing,It’s complicated,Other,1,100.0,100.0
Men,Straight (Heterosexual),Jeahovah witnesses,Normal,1,11.1,22.2
Men,Straight (Heterosexual),Jesus of the Bible,Normal,1,66.7,100.0
Men,Bisexual,Jewish + Christian,Short explanation,1,66.7,55.6
Men,Straight (Heterosexual),Kanaka Oiwi system,Unusual,1,33.3,55.6
Men,Straight (Heterosexual),"Lutheran (LCMS) (the original Protestants, who are very different from Baptists, Methodists, Pentecostals, and especially Jehovah's Witnesses, who are not Christian. I will not select an option that includes Jehovah's Witnesses in the list of examples.) (By the way, JWs don't even consider themselves to be Protestants either: https://www.jw.org/en/jehovahs-witnesses/faq/are-jehovahs-witnesses-protestants/)",Long explanation,1,100.0,100.0
Men,Straight (Heterosexual),Lutheran (a branch off from Catholic),Short explanation,1,11.1,22.2
Men,Queer/Questioning/Other,Lutheran (an offshoot of Christianity),Short explanation,1,66.7,66.7
Men,Straight (Heterosexual),Lutheran Christian,Normal,1,66.7,100.0
Men,Straight (Heterosexual),Lutheran Orthodox,Normal,1,44.4,66.7
Men,Queer/Questioning/Other,Ma’hi,Unusual,1,55.6,0.0
Men,Straight (Heterosexual),Mennonite,Normal,1,44.4,0.0
Men,Straight (Heterosexual),Methodist,Normal,1,66.7,100.0
Men,Queer/Questioning/Other,Methodist & Muslim,Short explanation,1,100.0,100.0
Men,Straight (Heterosexual),Military beliefs,Other,1,33.3,66.7
Men,Straight (Heterosexual),Money,Joke,1,22.2,33.3
Men,Bisexual,Monism,Unusual,1,66.7,44.4
Men,Straight (Heterosexual),Mormon,Normal,1,33.3,44.4
Men,Gay/Lesbian,"Mystical/Spiritual, originally Catholic",Short explanation,1,77.8,11.1
Men,Missing,N/A,Other,1,66.7,33.3
Men,Straight (Heterosexual),N/a,Other,1,44.4,66.7
Men,Straight (Heterosexual),NA,Other,1,33.3,33.3
Men,Missing,Native American,Unusual,1,0.0,0.0
Men,Gay/Lesbian,Neopagan,Unusual,1,100.0,0.0
Men,Straight (Heterosexual),No,Other,1,0.0,0.0
Men,Straight (Heterosexual),No religion,Other,1,88.9,66.7
Men,Straight (Heterosexual),Non denominational christian,Normal,1,44.4,55.6
Men,Straight (Heterosexual),Non denominational practicing christian,Short explanation,1,66.7,66.7
Men,Queer/Questioning/Other,"Non organized, folk religion",Short explanation,1,66.7,22.2
Men,Gay/Lesbian,Non-commercialized,Other,1,33.3,0.0
Men,Straight (Heterosexual),Non-denominational,Normal,1,11.1,66.7
Men,Straight (Heterosexual),Non-denominational Christian,Normal,1,55.6,33.3
Men,Straight (Heterosexual),Non-denominational christian,Normal,1,33.3,44.4
Men,Straight (Heterosexual),Nondenominational Christian,Normal,1,33.3,33.3
Men,Straight (Heterosexual),Nondualist,Unusual,1,100.0,44.4
Men,Bisexual,Norse Pagan/Heathen,Short explanation,1,11.1,11.1
Men,Straight (Heterosexual),Norse pegan,Unusual,1,33.3,44.4
Men,Straight (Heterosexual),Not said,Other,1,44.4,0.0
Men,Straight (Heterosexual),Nunya,Joke,1,55.6,100.0
Men,Straight (Heterosexual),Omnist,Unusual,1,55.6,44.4
Men,Queer/Questioning/Other,PFNTS,Other,1,88.9,100.0
Men,Queer/Questioning/Other,"Pagan, Greek/roman/norse pantheons",Short explanation,1,44.4,11.1
Men,Bisexual,Pagen,Unusual,1,11.1,0.0
Men,Straight (Heterosexual),Pan-African,Other,1,55.6,11.1
Men,Queer/Questioning/Other,Pandeistic,Unusual,1,66.7,44.4
Men,Queer/Questioning/Other,Pantheist,Unusual,1,77.8,0.0
Men,Straight (Heterosexual),Pantheist Pagan,Unusual,1,22.2,77.8
Men,Straight (Heterosexual),Pastafarian,Joke,1,33.3,33.3
Men,Straight (Heterosexual),Personal spiritual Journey,Short explanation,1,33.3,33.3
Men,Straight (Heterosexual),Polish Catholic,Normal,1,22.2,55.6
Men,Straight (Heterosexual),Prefer not to answer,Other,1,100.0,100.0
Men,Straight (Heterosexual),Prefer not to tell.,Other,1,55.6,44.4
Men,Straight (Heterosexual),Presbyterian Christian,Normal,1,55.6,55.6
Men,Straight (Heterosexual),Rasta,Normal,1,22.2,33.3
Men,Queer/Questioning/Other,Religio Romana,Unusual,1,66.7,66.7
Men,Queer/Questioning/Other,SBNR,Normal,1,66.7,66.7
Men,Straight (Heterosexual),SDA,Normal,1,0.0,11.1
Men,Straight (Heterosexual),Satanism,Joke,1,55.6,0.0
Men,Straight (Heterosexual),Secular,Normal,1,88.9,0.0
Men,Straight (Heterosexual),Sedevacantist,Normal,1,11.1,100.0
Men,Straight (Heterosexual),Seventh day adventage,Normal,1,0.0,0.0
Men,Straight (Heterosexual),Seventh day adventist,Normal,1,33.3,22.2
Men,Straight (Heterosexual),Seventh-Day Adventist,Normal,1,66.7,77.8
Men,Straight (Heterosexual),Shik,Normal,1,33.3,33.3
Men,Straight (Heterosexual),Spaghetti Monsters,Joke,1,55.6,0.0
Men,Straight (Heterosexual),Spiritual/believe in God but no specific religion,Short explanation,1,44.4,55.6
Men,Queer/Questioning/Other,Spiritualist,Normal,1,55.6,33.3
Men,Straight (Heterosexual),"Spiritually minded, I do not subscribe to one religion",Long explanation,1,44.4,44.4
Men,Missing,Tantric Buddhist,Normal,1,66.7,66.7
Men,Straight (Heterosexual),Taoist & Buddhist,Short explanation,1,22.2,55.6
Men,Straight (Heterosexual),Theism,Unusual,1,33.3,44.4
Men,Straight (Heterosexual),Unitarian,Normal,1,88.9,55.6
Men,Straight (Heterosexual),Unsure,Other,1,33.3,66.7
Men,Bisexual,Wicca,Unusual,1,66.7,0.0
Men,Straight (Heterosexual),Yazidi,Normal,1,33.3,55.6
Men,Straight (Heterosexual),Yeshua (Jah),Short explanation,1,44.4,55.6
Men,Straight (Heterosexual),Zoroastrian,Normal,1,66.7,66.7
Men,Straight (Heterosexual),bahai,Normal,1,44.4,44.4
Men,Straight (Heterosexual),baptist,Normal,1,22.2,33.3
Men,Straight (Heterosexual),"biblical belief, don’t claim religion",Short explanation,1,44.4,55.6
Men,Straight (Heterosexual),catholic,Normal,1,22.2,44.4
Men,Missing,contestant,Joke,1,100.0,100.0
Men,Straight (Heterosexual),hindu and atheist,Short explanation,1,100.0,100.0
Men,Straight (Heterosexual),i dont even know right now i was raised christian though,Short explanation,1,55.6,11.1
Men,Straight (Heterosexual),im in direct communication with god,Joke,1,0.0,0.0
Men,Straight (Heterosexual),jain,Normal,1,0.0,0.0
Men,Straight (Heterosexual),jainism,Normal,1,55.6,33.3
Men,Straight (Heterosexual),lutheran,Normal,1,44.4,44.4
Men,Straight (Heterosexual),na,Other,1,22.2,44.4
Men,Straight (Heterosexual),no,Other,1,55.6,44.4
Men,Straight (Heterosexual),prefer not say,Other,1,22.2,0.0
Men,Straight (Heterosexual),prefer not to say,Other,1,0.0,0.0
Men,Missing,raised Catholic,Short explanation,1,55.6,33.3
Men,Straight (Heterosexual),taoism,Normal,1,11.1,0.0
Men,Straight (Heterosexual),theistic,Unusual,1,44.4,44.4
Men,Straight (Heterosexual),‘,Other,1,55.6,33.3
Women,Straight (Heterosexual): 48; Gay/Lesbian: 2; Bisexual: 2; Queer/Questioning/Other: 2; Missing: 1,Sikh,Normal,55,39.0,24.2
Women,Straight (Heterosexual): 42; Bisexual: 2; Queer/Questioning/Other: 2,Lutheran,Normal,46,30.4,32.8
Women,Straight (Heterosexual): 19; Gay/Lesbian: 5; Bisexual: 14; Queer/Questioning/Other: 7,Spiritual,Normal,45,50.4,22.7
Women,Straight (Heterosexual): 2; Gay/Lesbian: 5; Bisexual: 7; Queer/Questioning/Other: 8,Pagan,Unusual,22,48.5,20.2
Women,Straight (Heterosexual): 18; Queer/Questioning/Other: 1; Missing: 1,Christian,Normal,20,34.4,36.1
Women,Straight (Heterosexual): 12; Gay/Lesbian: 1; Bisexual: 3,Episcopalian,Normal,16,36.1,27.8
Women,Straight (Heterosexual): 12; Missing: 1,Jain,Normal,13,25.6,9.4
Women,Straight (Heterosexual): 9; Bisexual: 1,Catholic,Normal,10,26.7,20.0
Women,Straight (Heterosexual): 8; Bisexual: 2,Presbyterian,Normal,10,46.7,42.2
Women,Straight (Heterosexual): 7; Bisexual: 3,sikh,Normal,10,26.6,21.1
Women,Straight (Heterosexual): 2; Gay/Lesbian: 2; Bisexual: 4; Queer/Questioning/Other: 2,spiritual,Normal,10,34.4,18.9
Women,Straight (Heterosexual): 5; Bisexual: 4,Quaker,Normal,9,53.1,32.1
Women,Straight (Heterosexual): 6; Bisexual: 1,Baptist,Normal,7,34.9,20.6
Women,Straight (Heterosexual): 5; Bisexual: 1; Queer/Questioning/Other: 1,Episcopal,Normal,7,42.9,19.0
Women,Straight (Heterosexual): 5; Bisexual: 1; Queer/Questioning/Other: 1,lutheran,Normal,7,36.5,34.9
Women,Straight (Heterosexual): 3; Bisexual: 2; Queer/Questioning/Other: 1,Nondenominational Christian,Normal,6,38.9,44.4
Women,Straight (Heterosexual),Seventh day Adventist,Normal,6,22.2,24.1
Women,Straight (Heterosexual): 5; Queer/Questioning/Other: 1,Unsure,Other,6,42.6,27.8
Women,Straight (Heterosexual): 2; Missing: 4,prefer not to say,Other,6,50.0,24.0
Women,Straight (Heterosexual): 2; Missing: 3,Prefer not to say,Other,5,40.0,42.2
Women,Gay/Lesbian: 1; Bisexual: 2; Queer/Questioning/Other: 1; Missing: 1,Unitarian Universalist,Normal,5,46.7,26.6
Women,Straight (Heterosexual): 3; Bisexual: 1,Lutheran Christian,Normal,4,47.2,19.4
Women,Straight (Heterosexual): 3; Missing: 1,N/A,Other,4,47.2,11.1
Women,Straight (Heterosexual): 2; Bisexual: 1; Queer/Questioning/Other: 1,Other,Other,4,41.7,25.0
Women,Straight (Heterosexual),Sikhism,Normal,4,27.8,19.4
Women,Straight (Heterosexual): 3; Queer/Questioning/Other: 1,Unitarian,Normal,4,50.0,22.2
Women,Straight (Heterosexual): 1; Gay/Lesbian: 1; Bisexual: 1; Queer/Questioning/Other: 1,Wiccan,Unusual,4,44.4,33.3
Women,Straight (Heterosexual): 2; Bisexual: 2,catholic,Normal,4,33.3,25.0
Women,Straight (Heterosexual),christian,Normal,4,52.8,58.3
Women,Straight (Heterosexual),Apostolic,Normal,3,11.1,44.4
Women,Straight (Heterosexual),Apostolic Pentecostal,Normal,3,29.6,51.8
Women,Straight (Heterosexual): 2; Queer/Questioning/Other: 1,Bahai,Normal,3,44.4,22.2
Women,Straight (Heterosexual),Church of Christ,Normal,3,29.6,40.7
Women,Straight (Heterosexual),Deist,Unusual,3,55.6,40.7
Women,Straight (Heterosexual),Jainism,Normal,3,33.3,25.9
Women,Straight (Heterosexual): 2; Bisexual: 1,Methodist,Normal,3,40.7,18.5
Women,Bisexual: 1; Queer/Questioning/Other: 2,Methodist Christian,Normal,3,40.7,37.0
Women,Straight (Heterosexual),Seventh Day Adventist,Normal,3,44.5,22.2
Women,Straight (Heterosexual),Shamanism,Unusual,3,25.9,11.1
Women,Straight (Heterosexual): 1; Queer/Questioning/Other: 2,Spiritualist,Normal,3,66.7,11.1
Women,Straight (Heterosexual): 1; Bisexual: 1; Queer/Questioning/Other: 1,Zoroastrian,Normal,3,44.4,18.5
Women,Straight (Heterosexual),episcopal,Normal,3,40.7,48.2
Women,Straight (Heterosexual),non-denominational,Normal,3,29.6,25.9
Women,Straight (Heterosexual),sikhism,Normal,3,33.3,11.1
Women,Straight (Heterosexual),Adventist,Normal,2,16.6,22.2
Women,Straight (Heterosexual),Armenian Apostolic,Normal,2,27.8,0.0
Women,Straight (Heterosexual): 1; Bisexual: 1,Christian and Jewish,Short explanation,2,44.4,33.4
Women,Straight (Heterosexual): 1; Bisexual: 1,Evangelical,Normal,2,55.6,77.8
Women,Straight (Heterosexual),Greek Orthodox,Normal,2,16.6,11.1
Women,Straight (Heterosexual): 1; Queer/Questioning/Other: 1,Jewish and Christian,Short explanation,2,61.2,16.6
Women,Straight (Heterosexual),Non denominational Christian,Normal,2,50.0,44.4
Women,Straight (Heterosexual),Non-denominational Christian,Normal,2,11.1,16.6
Women,Straight (Heterosexual),None,Other,2,33.3,27.8
Women,Straight (Heterosexual),Not sure,Other,2,33.3,11.1
Women,Gay/Lesbian: 1; Bisexual: 1,Omnism,Unusual,2,55.6,33.4
Women,Straight (Heterosexual): 1; Queer/Questioning/Other: 1,Pantheist,Unusual,2,66.7,44.4
Women,Straight (Heterosexual),Pentecostal,Normal,2,11.1,66.7
Women,Straight (Heterosexual),Seventh-Day Adventist,Normal,2,55.6,22.2
Women,Straight (Heterosexual): 1; Queer/Questioning/Other: 1,Zoroastrianism,Normal,2,66.7,33.4
Women,Straight (Heterosexual),believe in god,Short explanation,2,44.4,33.3
Women,Straight (Heterosexual),none,Other,2,44.4,22.2
Women,Straight (Heterosexual): 1; Bisexual: 1,not sure,Other,2,33.3,0.0
Women,Straight (Heterosexual),presbyterian,Normal,2,44.4,50.0
Women,Straight (Heterosexual): 1; Bisexual: 1,unitarian universalist,Normal,2,50.0,0.0
Women,Missing,.,Other,1,22.2,11.1
Women,Queer/Questioning/Other,7th day Adventist Christian,Normal,1,33.3,0.0
Women,Bisexual,Agnostic Atheist,Normal,1,66.7,33.3
Women,Queer/Questioning/Other,"Agnostic spiritually, Jewish culturally",Short explanation,1,100.0,100.0
Women,Bisexual,Agnostics do believe in a higher power,Short explanation,1,44.4,44.4
Women,Straight (Heterosexual),"All of the above, believe in every religion",Joke,1,100.0,100.0
Women,Straight (Heterosexual),Anabaptist,Normal,1,55.6,66.7
Women,Bisexual,And buddhist,Normal,1,55.6,22.2
Women,Straight (Heterosexual),Animism,Unusual,1,33.3,0.0
Women,Straight (Heterosexual),Assemblies of God,Normal,1,22.2,55.6
Women,Bisexual,"Athiest, Jewish",Short explanation,1,33.3,0.0
Women,Straight (Heterosexual),Bahaii,Normal,1,0.0,33.3
Women,Straight (Heterosexual),Baha’i,Normal,1,55.6,11.1
Women,Straight (Heterosexual),Bahá’í,Normal,1,22.2,11.1
Women,Straight (Heterosexual),Baptist Christian,Normal,1,0.0,0.0
Women,Gay/Lesbian,Baptist/ Pentecostal,Short explanation,1,100.0,0.0
Women,Straight (Heterosexual),Belief in a god,Short explanation,1,66.7,66.7
Women,Straight (Heterosexual),Believe in All,Joke,1,66.7,66.7
Women,Straight (Heterosexual),Believe in a Higher Being but not religious,Short explanation,1,66.7,11.1
Women,Straight (Heterosexual),Believe in god but not christian,Short explanation,1,11.1,22.2
Women,Straight (Heterosexual),Brazilian Catholic,Normal,1,11.1,0.0
Women,Straight (Heterosexual),Buddhist/Agnostic,Short explanation,1,33.3,22.2
Women,Straight (Heterosexual),Byzantine Catholic,Normal,1,55.6,66.7
Women,Straight (Heterosexual),COGIC,Normal,1,44.4,33.3
Women,Straight (Heterosexual),Candomblé,Normal,1,55.6,0.0
Women,Straight (Heterosexual),Catholic / Christian,Short explanation,1,0.0,11.1
Women,Straight (Heterosexual),Catholic and Christian,Short explanation,1,11.1,0.0
Women,Straight (Heterosexual),Child of God,Normal,1,0.0,11.1
Women,Queer/Questioning/Other,Chinese,Other,1,33.3,22.2
Women,Straight (Heterosexual),Christ follower,Normal,1,22.2,11.1
Women,Bisexual,Christain,Normal,1,0.0,0.0
Women,Straight (Heterosexual),Christian (Lutheran),Short explanation,1,11.1,77.8
Women,Straight (Heterosexual),Christian Baptist,Normal,1,44.4,0.0
Women,Straight (Heterosexual),Christian C.O.G.I.C,Normal,1,33.3,33.3
Women,Straight (Heterosexual),Christian Catholic,Normal,1,11.1,0.0
Women,Straight (Heterosexual),Christian and catholic,Short explanation,1,11.1,0.0
Women,Straight (Heterosexual),Christian practicing,Short explanation,1,0.0,88.9
Women,Straight (Heterosexual),Christian!,Joke,1,33.3,66.7
Women,Straight (Heterosexual),Christianity,Normal,1,44.4,33.3
Women,Straight (Heterosexual),Christianity (but actually living what the Bible teaches),Long explanation,1,33.3,66.7
Women,Straight (Heterosexual),Coptic orthodox Christian,Normal,1,11.1,44.4
Women,Gay/Lesbian,Couldn't care either way,Other,1,77.8,11.1
Women,Straight (Heterosexual),Creator,Unusual,1,44.4,11.1
Women,Straight (Heterosexual),"Culturally Jewish, Religiously atheist",Short explanation,1,55.6,44.4
Women,Straight (Heterosexual),Do not believe in milarchy,Joke,1,0.0,0.0
Women,Bisexual,Eclectic,Unusual,1,66.7,0.0
Women,Queer/Questioning/Other,Energy,Unusual,1,55.6,55.6
Women,Straight (Heterosexual),Episcopalean,Normal,1,22.2,11.1
Women,Straight (Heterosexual),Espiritualismo Trinitario Mariano,Normal,1,33.3,33.3
Women,Straight (Heterosexual),Everything,Joke,1,44.4,22.2
Women,Bisexual,Figuring it out but believe in god,Short explanation,1,55.6,55.6
Women,Straight (Heterosexual),Free Will Baptist,Normal,1,44.4,44.4
Women,Straight (Heterosexual),General belief in God,Short explanation,1,88.9,88.9
Women,Straight (Heterosexual),Greek Catholic Christian,Normal,1,11.1,11.1
Women,Bisexual,Grew up catholic and no longer religious,Long explanation,1,22.2,0.0
Women,Straight (Heterosexual),Half Catholic Half Jewish,Short explanation,1,11.1,0.0
Women,Straight (Heterosexual),Half christian half jewish,Short explanation,1,22.2,22.2
Women,Straight (Heterosexual),Hebrew Israelite,Normal,1,22.2,33.3
Women,Queer/Questioning/Other,Hellenic Pagan,Unusual,1,55.6,11.1
Women,Straight (Heterosexual),Hindu & Jewish,Short explanation,1,22.2,0.0
Women,Straight (Heterosexual),Hindu and catholic,Short explanation,1,44.4,11.1
Women,Queer/Questioning/Other,Hindu/buddhist,Short explanation,1,66.7,33.3
Women,Straight (Heterosexual),Hold anishinaabe beliefs,Unusual,1,55.6,0.0
Women,Straight (Heterosexual),Hoodoo,Unusual,1,77.8,22.2
Women,Queer/Questioning/Other,I believe in a God but don’t associate with a particular religion,Long explanation,1,77.8,11.1
Women,Missing,"I believe there is divine intervention, but not people’s version of God, which is all powerful, all knowing, and all loving.",Long explanation,1,66.7,66.7
Women,Straight (Heterosexual),I do also follow pagan/wiccan beliefs,Short explanation,1,44.4,77.8
Women,Straight (Heterosexual),I don’t know,Other,1,11.1,0.0
Women,Straight (Heterosexual),I forget,Joke,1,44.4,44.4
Women,Straight (Heterosexual),"I grew up attending a Lutheran Christian church, but I'm open to learning about other religions",Long explanation,1,77.8,33.3
Women,Missing,Independent,Other,1,33.3,44.4
Women,Gay/Lesbian,Interfaith,Short explanation,1,66.7,0.0
Women,Straight (Heterosexual),Interfaith (Jewish & Lutheran),Short explanation,1,44.4,11.1
Women,Straight (Heterosexual),It’s complicated,Other,1,66.7,66.7
Women,Bisexual,Jehovahs Witness,Normal,1,22.2,11.1
Women,Straight (Heterosexual),Jehovah’s Witness,Normal,1,33.3,33.3
Women,Gay/Lesbian,Jewish agnostic,Normal,1,66.7,0.0
Women,Bisexual,Lakota spiritual beliefs,Normal,1,22.2,88.9
Women,Missing,Lover of Jesus Christ,Normal,1,100.0,100.0
Women,Straight (Heterosexual),Lutheran (Christian),Short explanation,1,22.2,44.4
Women,Straight (Heterosexual),Lutheran/ christian,Short explanation,1,22.2,22.2
Women,Straight (Heterosexual),Lutheran/Christian,Short explanation,1,0.0,55.6
Women,Straight (Heterosexual),Luthern,Normal,1,44.4,44.4
Women,Straight (Heterosexual),Mennonite,Normal,1,44.4,0.0
Women,Straight (Heterosexual),Messianic,Normal,1,33.3,33.3
Women,Straight (Heterosexual),Methodist Episcopalian,Normal,1,33.3,22.2
Women,Straight (Heterosexual),Moravian,Normal,1,33.3,33.3
Women,Queer/Questioning/Other,Multiple of the above,Other,1,55.6,100.0
Women,Gay/Lesbian,My native traditions,Unusual,1,33.3,11.1
Women,Bisexual,My tribe’s traditional beliefs.,Unusual,1,44.4,11.1
Women,Straight (Heterosexual),Native American Spiritual,Normal,1,44.4,0.0
Women,Gay/Lesbian,Naturalistic Pagan,Unusual,1,100.0,44.4
Women,Bisexual,Navajo Traditional,Unusual,1,33.3,0.0
Women,Straight (Heterosexual),Nazzarine,Normal,1,33.3,44.4
Women,Straight (Heterosexual),No say,Other,1,0.0,0.0
Women,Queer/Questioning/Other,Non denomination,Normal,1,44.4,22.2
Women,Straight (Heterosexual),Non denominational,Normal,1,66.7,55.6
Women,Straight (Heterosexual),Non denominational christian,Normal,1,66.7,44.4
Women,Bisexual,Non-Believer in anything,Normal,1,33.3,33.3
Women,Straight (Heterosexual),Non-Denom,Normal,1,66.7,66.7
Women,Missing,Non-Denominational,Normal,1,33.3,11.1
Women,Queer/Questioning/Other,Non-Denominational/Full Gospel,Short explanation,1,55.6,33.3
Women,Straight (Heterosexual),Non-denominational,Normal,1,77.8,66.7
Women,Straight (Heterosexual),Non-denominational christian,Normal,1,11.1,55.6
Women,Queer/Questioning/Other,"Non-practicing, questioning Catholic",Short explanation,1,44.4,44.4
Women,Queer/Questioning/Other,Non-religious,Normal,1,22.2,66.7
Women,Queer/Questioning/Other,Non-specific religion,Other,1,33.3,0.0
Women,Straight (Heterosexual),Nondenominational,Normal,1,66.7,66.7
Women,Bisexual,Omnist,Unusual,1,33.3,11.1
Women,Straight (Heterosexual),Paegan,Unusual,1,11.1,44.4
Women,Bisexual,Pagen,Unusual,1,44.4,33.3
Women,Straight (Heterosexual),Polish National Catholic,Normal,1,44.4,0.0
Women,Gay/Lesbian,Polytheist,Unusual,1,77.8,0.0
Women,Straight (Heterosexual),Prefer not to answer,Other,1,33.3,33.3
Women,Missing,Prefer not to respond,Other,1,66.7,66.7
Women,Straight (Heterosexual),Prefer not to share,Other,1,33.3,33.3
Women,Bisexual,"Raised Catholic, but love Islam. Overall, I believe in God.",Long explanation,1,55.6,22.2
Women,Straight (Heterosexual),Raised Christian,Short explanation,1,33.3,11.1
Women,Straight (Heterosexual),Raised Jewish practice Christianity,Short explanation,1,100.0,100.0
Women,Straight (Heterosexual),Rastafarian,Normal,1,33.3,44.4
Women,Straight (Heterosexual),Reincarnation,Unusual,1,44.4,44.4
Women,Straight (Heterosexual),SDA,Normal,1,33.3,44.4
Women,Straight (Heterosexual),Sabbatarian Christian,Normal,1,66.7,77.8
Women,Bisexual,Santeria,Normal,1,66.7,0.0
Women,Queer/Questioning/Other,Satanist/Atheist,Joke,1,33.3,33.3
Women,Queer/Questioning/Other,"Scholar of different religions, started Christian",Long explanation,1,33.3,33.3
Women,Straight (Heterosexual),Scientology,Normal,1,66.7,66.7
Women,Straight (Heterosexual),Seventh day adventist,Normal,1,66.7,66.7
Women,Straight (Heterosexual),Seventh-day,Normal,1,55.6,22.2
Women,Straight (Heterosexual),Shaman,Unusual,1,0.0,0.0
Women,Straight (Heterosexual),Shamanist,Unusual,1,55.6,11.1
Women,Straight (Heterosexual),Shinto,Normal,1,22.2,33.3
Women,Queer/Questioning/Other,Shintoist,Normal,1,22.2,0.0
Women,Straight (Heterosexual),Sikh and Hindu,Short explanation,1,55.6,0.0
Women,Straight (Heterosexual),Southern Baptist,Normal,1,44.4,11.1
Women,Bisexual,Spiritual and Nonaffiliated,Short explanation,1,33.3,0.0
Women,Straight (Heterosexual),Spiritual beliefs,Normal,1,100.0,100.0
Women,Queer/Questioning/Other,Spiritual but not religious,Short explanation,1,55.6,0.0
Women,Straight (Heterosexual),Spiritual idk,Normal,1,66.7,33.3
Women,Bisexual,Spiritual not religious,Short explanation,1,0.0,0.0
Women,Queer/Questioning/Other,Spiritual x pseudo christian,Short explanation,1,11.1,0.0
Women,Gay/Lesbian,Spiritual/Christian,Short explanation,1,22.2,0.0
Women,Queer/Questioning/Other,Spiritual/Metaphysical,Short explanation,1,66.7,22.2
Women,Straight (Heterosexual),Spirituality,Normal,1,33.3,0.0
Women,Queer/Questioning/Other,Spritual with an emphasis on indigenous Yoruba religious practices,Long explanation,1,100.0,0.0
Women,Straight (Heterosexual),Taoism,Normal,1,33.3,44.4
Women,Straight (Heterosexual),The universe,Unusual,1,33.3,11.1
Women,Missing,Tribal,Unusual,1,55.6,33.3
Women,Bisexual,UCC,Normal,1,0.0,0.0
Women,Gay/Lesbian,UU,Normal,1,33.3,22.2
Women,Queer/Questioning/Other,Unitarian Universalisr,Normal,1,88.9,66.7
Women,Gay/Lesbian,Unitarian Universalist. (And atheist),Short explanation,1,66.7,0.0
Women,Straight (Heterosexual),Uu,Normal,1,66.7,77.8
Women,Straight (Heterosexual),Wicca,Unusual,1,88.9,77.8
Women,Missing,Witch,Joke,1,66.7,66.7
Women,Bisexual,Witchcraft,Joke,1,55.6,22.2
Women,Bisexual,Working to get baptized. Inspiring Christian,Long explanation,1,66.7,44.4
Women,Straight (Heterosexual),Wouldn’t consider myself LDS but I participate in that church,Long explanation,1,100.0,100.0
Women,Straight (Heterosexual),Yoruban,Unusual,1,11.1,22.2
Women,Straight (Heterosexual),Zoro,Normal,1,33.3,33.3
Women,Straight (Heterosexual),Zoroaster,Normal,1,0.0,66.7
Women,Queer/Questioning/Other,a belief in god,Short explanation,1,66.7,11.1
Women,Queer/Questioning/Other,apostolic,Normal,1,11.1,0.0
Women,Bisexual,"atheist father, Christian Mother",Short explanation,1,11.1,0.0
Women,Straight (Heterosexual),baptist,Normal,1,44.4,11.1
Women,Straight (Heterosexual),"believe in god, but not religion",Short explanation,1,44.4,0.0
Women,Straight (Heterosexual),"believe in god, not religiously affiliated",Short explanation,1,55.6,33.3
Women,Straight (Heterosexual),christian: nondenomination,Normal,1,22.2,33.3
Women,Straight (Heterosexual),christianity,Normal,1,44.4,11.1
Women,Straight (Heterosexual),deist,Unusual,1,55.6,11.1
Women,Gay/Lesbian,episcopalian,Normal,1,66.7,11.1
Women,Bisexual,everything,Joke,1,66.7,0.0
Women,Straight (Heterosexual),follower of God,Normal,1,66.7,88.9
Women,Straight (Heterosexual),greek orthodox,Normal,1,33.3,0.0
Women,Missing,hellenistic pagan,Unusual,1,33.3,0.0
Women,Straight (Heterosexual),hindu and jain,Short explanation,1,22.2,55.6
Women,Queer/Questioning/Other,hindu-buddhist,Normal,1,66.7,0.0
Women,Bisexual,i believe in god,Short explanation,1,44.4,44.4
Women,Gay/Lesbian,i don’t care,Joke,1,77.8,11.1
Women,Straight (Heterosexual),idk,Other,1,100.0,100.0
Women,Straight (Heterosexual),it’s complicated,Other,1,0.0,66.7
Women,Bisexual,jewish agnostic,Normal,1,55.6,55.6
Women,Straight (Heterosexual),jewish and catholic,Short explanation,1,0.0,0.0
Women,Bisexual,jewish and christian,Short explanation,1,11.1,0.0
Women,Gay/Lesbian,mar thoma syrian christian,Normal,1,66.7,0.0
Women,Bisexual,maronite,Normal,1,66.7,0.0
Women,Gay/Lesbian,maronite catholic,Normal,1,55.6,0.0
Women,Straight (Heterosexual),methodist christian- but also agnostic,Short explanation,1,44.4,0.0
Women,Queer/Questioning/Other,mix of catholicism and spiritual,Short explanation,1,33.3,33.3
Women,Straight (Heterosexual),multiple,Other,1,55.6,33.3
Women,Straight (Heterosexual),n/a,Other,1,11.1,0.0
Women,Straight (Heterosexual),non traditonal follower of Christ,Normal,1,100.0,100.0
Women,Straight (Heterosexual),nondenominational,Normal,1,22.2,33.3
Women,Straight (Heterosexual),nondenominational christian,Normal,1,0.0,22.2
Women,Straight (Heterosexual),other,Other,1,11.1,11.1
Women,Bisexual,pagan,Unusual,1,33.3,0.0
Women,Missing,pantheist christian,Normal,1,44.4,11.1
Women,Bisexual,raised Catholic but unsure,Short explanation,1,77.8,11.1
Women,Queer/Questioning/Other,"raised episcopal, currently SBNR",Short explanation,1,66.7,66.7
Women,Straight (Heterosexual),raised methodist- not practicing anymore,Long explanation,1,66.7,0.0
Women,Bisexual,satanist,Joke,1,0.0,0.0
Women,Straight (Heterosexual),seventh adventist,Normal,1,100.0,100.0
Women,Straight (Heterosexual),spiritual & catholic,Short explanation,1,66.7,44.4
Women,Straight (Heterosexual),spiritual but not religious,Short explanation,1,100.0,100.0
Women,Bisexual,taoism,Normal,1,55.6,55.6
Women,Queer/Questioning/Other,that’s not what agnostic means,Other,1,77.8,0.0
Nonbinary,Gay/Lesbian: 2; Bisexual: 5; Queer/Questioning/Other: 12,Pagan,Unusual,19,51.5,16.9
Nonbinary,Gay/Lesbian: 1; Queer/Questioning/Other: 8,Spiritual,Normal,9,61.7,16.0
Nonbinary,Queer/Questioning/Other,Satanist,Joke,3,51.9,22.2
Nonbinary,Gay/Lesbian: 1; Bisexual: 1; Queer/Questioning/Other: 1,spiritual,Normal,3,55.6,0.0
Nonbinary,Gay/Lesbian: 1; Bisexual: 1,Episcopal,Normal,2,44.4,50.0
Nonbinary,Queer/Questioning/Other,Omnist,Unusual,2,55.6,5.6
Nonbinary,Missing,ATR,Unusual,1,77.8,11.1
Nonbinary,Bisexual,Agnostic Atheist,Normal,1,66.7,44.4
Nonbinary,Queer/Questioning/Other,Agnostic theist,Normal,1,55.6,33.3
Nonbinary,Gay/Lesbian,Animism + open to any possibility,Short explanation,1,22.2,11.1
Nonbinary,Bisexual,Druid,Unusual,1,77.8,11.1
Nonbinary,Queer/Questioning/Other,Eclectic Pagan,Unusual,1,33.3,0.0
Nonbinary,Queer/Questioning/Other,Existentialist/animist,Short explanation,1,88.9,22.2
Nonbinary,Queer/Questioning/Other,Greek/Roman gods,Unusual,1,55.6,22.2
Nonbinary,Queer/Questioning/Other,Hellenic Pagan,Unusual,1,44.4,22.2
Nonbinary,Queer/Questioning/Other,Hellenic Polytheist,Unusual,1,66.7,0.0
Nonbinary,Queer/Questioning/Other,Hellenistic Pagan,Unusual,1,44.4,22.2
Nonbinary,Queer/Questioning/Other,Hindu,Normal,1,0.0,11.1
Nonbinary,Queer/Questioning/Other,I think of god philosophically,Short explanation,1,44.4,11.1
Nonbinary,Queer/Questioning/Other,Its complicated,Other,1,55.6,55.6
Nonbinary,Gay/Lesbian,It’s complicated,Other,1,77.8,11.1
Nonbinary,Queer/Questioning/Other,Jewish Pantheist,Short explanation,1,66.7,55.6
Nonbinary,Bisexual,Jewish atheist,Short explanation,1,88.9,33.3
Nonbinary,Queer/Questioning/Other,Lokean,Unusual,1,55.6,0.0
Nonbinary,Gay/Lesbian,Lutheran,Normal,1,33.3,0.0
Nonbinary,Queer/Questioning/Other,Member of the satanic temple,Joke,1,33.3,0.0
Nonbinary,Queer/Questioning/Other,Mix of Christian and Buddhist,Short explanation,1,55.6,33.3
Nonbinary,Bisexual,New wave spiritual,Unusual,1,66.7,66.7
Nonbinary,Queer/Questioning/Other,Pagan/wiccan,Unusual,1,66.7,0.0
Nonbinary,Queer/Questioning/Other,Practicing witch,Joke,1,66.7,0.0
Nonbinary,Queer/Questioning/Other,Prefer Not To Answer,Other,1,66.7,66.7
Nonbinary,Bisexual,Presbyterian USA,Normal,1,66.7,0.0
Nonbinary,Queer/Questioning/Other,Quaker,Normal,1,77.8,0.0
Nonbinary,Bisexual,Raised Catholic and spiritual now,Short explanation,1,66.7,0.0
Nonbinary,Missing,Satan,Joke,1,33.3,55.6
Nonbinary,Queer/Questioning/Other,"Something but not an organized religion, spiritual and draw from Hinduism and Buddhism for sure",Long explanation,1,88.9,55.6
Nonbinary,Queer/Questioning/Other,Spaghetti Monster,Joke,1,0.0,66.7
Nonbinary,Queer/Questioning/Other,"Spiritual, not religious",Short explanation,1,44.4,33.3
Nonbinary,Queer/Questioning/Other,Spirituality,Normal,1,66.7,0.0
Nonbinary,Queer/Questioning/Other,Technoblade,Joke,1,88.9,44.4
Nonbinary,Queer/Questioning/Other,There's a God,Short explanation,1,100.0,100.0
Nonbinary,Bisexual,Unitarian Universalist,Normal,1,55.6,44.4
Nonbinary,Bisexual,Unsure,Other,1,55.6,33.3
Nonbinary,Bisexual,Wiccan,Unusual,1,22.2,11.1
Nonbinary,Queer/Questioning/Other,Zoroastrian,Normal,1,66.7,22.2
Nonbinary,Queer/Questioning/Other,complicated relationship with God,Short explanation,1,44.4,11.1
Nonbinary,Queer/Questioning/Other,culturally buddhist,Short explanation,1,66.7,22.2
Nonbinary,Queer/Questioning/Other,episcopalian christian,Normal,1,11.1,0.0
Nonbinary,Queer/Questioning/Other,ex-Roman Catholic,Short explanation,1,55.6,0.0
Nonbinary,Queer/Questioning/Other,i think its none of our business and i choose to not know what i think. I am ethnically jewish and follow some traditions,Long explanation,1,66.7,11.1
Nonbinary,Gay/Lesbian,pagan,Unusual,1,77.8,33.3
Nonbinary,Gay/Lesbian,quaker,Normal,1,66.7,0.0
Nonbinary,Bisexual,spiritual..? i believe in the Universe as a higher power rather than a God yk,Long explanation,1,44.4,11.1
Nonbinary,Queer/Questioning/Other,traditionalist,Other,1,44.4,55.6
