"variable","variable_label","value_code","value_label"
"selfcensor","At your law school, how often, if at all, have you felt you could not express your opinion on a subject because of how students, colleagues, or the administration would respond?",1,"Never"
"selfcensor","At your law school, how often, if at all, have you felt you could not express your opinion on a subject because of how students, colleagues, or the administration would respond?",2,"Rarely"
"selfcensor","At your law school, how often, if at all, have you felt you could not express your opinion on a subject because of how students, colleagues, or the administration would respond?",3,"Occasionally"
"selfcensor","At your law school, how often, if at all, have you felt you could not express your opinion on a subject because of how students, colleagues, or the administration would respond?",4,"Fairly often, a couple times a week"
"selfcensor","At your law school, how often, if at all, have you felt you could not express your opinion on a subject because of how students, colleagues, or the administration would respond?",5,"Very often, nearly every day"
"adminclear","How clear is it to you that your law school’s administration protects free speech on campus?",1,"Not at all clear"
"adminclear","How clear is it to you that your law school’s administration protects free speech on campus?",2,"Not very clear"
"adminclear","How clear is it to you that your law school’s administration protects free speech on campus?",3,"Somewhat clear"
"adminclear","How clear is it to you that your law school’s administration protects free speech on campus?",4,"Very clear"
"adminclear","How clear is it to you that your law school’s administration protects free speech on campus?",5,"Extremely clear"
"admincontr","If a controversy over offensive speech were to occur at your law school, how likely is it that your law school’s administration would sanction or take action against the speaker?",1,"Not at all likely"
"admincontr","If a controversy over offensive speech were to occur at your law school, how likely is it that your law school’s administration would sanction or take action against the speaker?",2,"Not very likely"
"admincontr","If a controversy over offensive speech were to occur at your law school, how likely is it that your law school’s administration would sanction or take action against the speaker?",3,"Somewhat likely"
"admincontr","If a controversy over offensive speech were to occur at your law school, how likely is it that your law school’s administration would sanction or take action against the speaker?",4,"Very likely"
"admincontr","If a controversy over offensive speech were to occur at your law school, how likely is it that your law school’s administration would sanction or take action against the speaker?",5,"Extremely likely"
"worryrep","How worried, if at all, are you about damaging your reputation because someone misunderstands something you have said or done?",1,"Not at all worried"
"worryrep","How worried, if at all, are you about damaging your reputation because someone misunderstands something you have said or done?",2,"Not too worried"
"worryrep","How worried, if at all, are you about damaging your reputation because someone misunderstands something you have said or done?",3,"Slightly worried"
"worryrep","How worried, if at all, are you about damaging your reputation because someone misunderstands something you have said or done?",4,"Somewhat worried"
"worryrep","How worried, if at all, are you about damaging your reputation because someone misunderstands something you have said or done?",5,"Very worried"
"worryjob","How worried, if at all, are you about losing your job because someone misunderstands something you have said or done?",1,"Not at all worried"
"worryjob","How worried, if at all, are you about losing your job because someone misunderstands something you have said or done?",2,"Not too worried"
"worryjob","How worried, if at all, are you about losing your job because someone misunderstands something you have said or done?",3,"Slightly worried"
"worryjob","How worried, if at all, are you about losing your job because someone misunderstands something you have said or done?",4,"Somewhat worried"
"worryjob","How worried, if at all, are you about losing your job because someone misunderstands something you have said or done?",5,"Very worried"
"fa_insult","The following series of questions ask your opinion about speech that conveys ideas that are seen as offensive on the basis of immutable characteristics. 

In your opinion, regardless of current First Amendment law, how much protection, if any, should the First Amendment afford the following types of speech? - Speech directed at a specific individual in a personally insulting or demeaning manner.",1,"No protection"
"fa_insult","The following series of questions ask your opinion about speech that conveys ideas that are seen as offensive on the basis of immutable characteristics. 

In your opinion, regardless of current First Amendment law, how much protection, if any, should the First Amendment afford the following types of speech? - Speech directed at a specific individual in a personally insulting or demeaning manner.",2,"Minimal protection"
"fa_insult","The following series of questions ask your opinion about speech that conveys ideas that are seen as offensive on the basis of immutable characteristics. 

In your opinion, regardless of current First Amendment law, how much protection, if any, should the First Amendment afford the following types of speech? - Speech directed at a specific individual in a personally insulting or demeaning manner.",3,"Some protection"
"fa_insult","The following series of questions ask your opinion about speech that conveys ideas that are seen as offensive on the basis of immutable characteristics. 

In your opinion, regardless of current First Amendment law, how much protection, if any, should the First Amendment afford the following types of speech? - Speech directed at a specific individual in a personally insulting or demeaning manner.",4,"Complete protection"
"fa_insult","The following series of questions ask your opinion about speech that conveys ideas that are seen as offensive on the basis of immutable characteristics. 

In your opinion, regardless of current First Amendment law, how much protection, if any, should the First Amendment afford the following types of speech? - Speech directed at a specific individual in a personally insulting or demeaning manner.",5,"Don’t know / uncertain"
"fa_offen","The following series of questions ask your opinion about speech that conveys ideas that are seen as offensive on the basis of immutable characteristics. 

In your opinion, regardless of current First Amendment law, how much protection, if any, should the First Amendment afford the following types of speech? - Speech addressed to a general audience, even if some people find it deeply offensive.",1,"No protection"
"fa_offen","The following series of questions ask your opinion about speech that conveys ideas that are seen as offensive on the basis of immutable characteristics. 

In your opinion, regardless of current First Amendment law, how much protection, if any, should the First Amendment afford the following types of speech? - Speech addressed to a general audience, even if some people find it deeply offensive.",2,"Minimal protection"
"fa_offen","The following series of questions ask your opinion about speech that conveys ideas that are seen as offensive on the basis of immutable characteristics. 

In your opinion, regardless of current First Amendment law, how much protection, if any, should the First Amendment afford the following types of speech? - Speech addressed to a general audience, even if some people find it deeply offensive.",3,"Some protection"
"fa_offen","The following series of questions ask your opinion about speech that conveys ideas that are seen as offensive on the basis of immutable characteristics. 

In your opinion, regardless of current First Amendment law, how much protection, if any, should the First Amendment afford the following types of speech? - Speech addressed to a general audience, even if some people find it deeply offensive.",4,"Complete protection"
"fa_offen","The following series of questions ask your opinion about speech that conveys ideas that are seen as offensive on the basis of immutable characteristics. 

In your opinion, regardless of current First Amendment law, how much protection, if any, should the First Amendment afford the following types of speech? - Speech addressed to a general audience, even if some people find it deeply offensive.",5,"Don’t know / uncertain"
"fa_teach","The following series of questions ask your opinion about speech that conveys ideas that are seen as offensive on the basis of immutable characteristics. 

In your opinion, regardless of current First Amendment law, how much protection, if any, should the First Amendment afford the following types of speech? - Speech that many find offensive but is for discussion, analysis, or teaching (i.e., a pedagogical purpose).",1,"No protection"
"fa_teach","The following series of questions ask your opinion about speech that conveys ideas that are seen as offensive on the basis of immutable characteristics. 

In your opinion, regardless of current First Amendment law, how much protection, if any, should the First Amendment afford the following types of speech? - Speech that many find offensive but is for discussion, analysis, or teaching (i.e., a pedagogical purpose).",2,"Minimal protection"
"fa_teach","The following series of questions ask your opinion about speech that conveys ideas that are seen as offensive on the basis of immutable characteristics. 

In your opinion, regardless of current First Amendment law, how much protection, if any, should the First Amendment afford the following types of speech? - Speech that many find offensive but is for discussion, analysis, or teaching (i.e., a pedagogical purpose).",3,"Some protection"
"fa_teach","The following series of questions ask your opinion about speech that conveys ideas that are seen as offensive on the basis of immutable characteristics. 

In your opinion, regardless of current First Amendment law, how much protection, if any, should the First Amendment afford the following types of speech? - Speech that many find offensive but is for discussion, analysis, or teaching (i.e., a pedagogical purpose).",4,"Complete protection"
"fa_teach","The following series of questions ask your opinion about speech that conveys ideas that are seen as offensive on the basis of immutable characteristics. 

In your opinion, regardless of current First Amendment law, how much protection, if any, should the First Amendment afford the following types of speech? - Speech that many find offensive but is for discussion, analysis, or teaching (i.e., a pedagogical purpose).",5,"Don’t know / uncertain"
"fa_emot","The following series of questions ask your opinion about speech that conveys ideas that are seen as offensive on the basis of immutable characteristics. 

In your opinion, regardless of current First Amendment law, how much protection, if any, should the First Amendment afford the following types of speech? - Speech for which the only harm is emotional or psychological discomfort.",1,"No protection"
"fa_emot","The following series of questions ask your opinion about speech that conveys ideas that are seen as offensive on the basis of immutable characteristics. 

In your opinion, regardless of current First Amendment law, how much protection, if any, should the First Amendment afford the following types of speech? - Speech for which the only harm is emotional or psychological discomfort.",2,"Minimal protection"
"fa_emot","The following series of questions ask your opinion about speech that conveys ideas that are seen as offensive on the basis of immutable characteristics. 

In your opinion, regardless of current First Amendment law, how much protection, if any, should the First Amendment afford the following types of speech? - Speech for which the only harm is emotional or psychological discomfort.",3,"Some protection"
"fa_emot","The following series of questions ask your opinion about speech that conveys ideas that are seen as offensive on the basis of immutable characteristics. 

In your opinion, regardless of current First Amendment law, how much protection, if any, should the First Amendment afford the following types of speech? - Speech for which the only harm is emotional or psychological discomfort.",4,"Complete protection"
"fa_emot","The following series of questions ask your opinion about speech that conveys ideas that are seen as offensive on the basis of immutable characteristics. 

In your opinion, regardless of current First Amendment law, how much protection, if any, should the First Amendment afford the following types of speech? - Speech for which the only harm is emotional or psychological discomfort.",5,"Don’t know / uncertain"
"fa_unrest","The following series of questions ask your opinion about speech that conveys ideas that are seen as offensive on the basis of immutable characteristics. 

In your opinion, regardless of current First Amendment law, how much protection, if any, should the First Amendment afford the following types of speech? - Speech that provokes anger, protest, or unrest, but does not call for violence.",1,"No protection"
"fa_unrest","The following series of questions ask your opinion about speech that conveys ideas that are seen as offensive on the basis of immutable characteristics. 

In your opinion, regardless of current First Amendment law, how much protection, if any, should the First Amendment afford the following types of speech? - Speech that provokes anger, protest, or unrest, but does not call for violence.",2,"Minimal protection"
"fa_unrest","The following series of questions ask your opinion about speech that conveys ideas that are seen as offensive on the basis of immutable characteristics. 

In your opinion, regardless of current First Amendment law, how much protection, if any, should the First Amendment afford the following types of speech? - Speech that provokes anger, protest, or unrest, but does not call for violence.",3,"Some protection"
"fa_unrest","The following series of questions ask your opinion about speech that conveys ideas that are seen as offensive on the basis of immutable characteristics. 

In your opinion, regardless of current First Amendment law, how much protection, if any, should the First Amendment afford the following types of speech? - Speech that provokes anger, protest, or unrest, but does not call for violence.",4,"Complete protection"
"fa_unrest","The following series of questions ask your opinion about speech that conveys ideas that are seen as offensive on the basis of immutable characteristics. 

In your opinion, regardless of current First Amendment law, how much protection, if any, should the First Amendment afford the following types of speech? - Speech that provokes anger, protest, or unrest, but does not call for violence.",5,"Don’t know / uncertain"
"scotus_harass","The Supreme Court has defined hostile environment harassment in educational settings as conduct (including expression) that is severe, pervasive, and objectively offensive. Do you believe the Court’s definition of expression that may be punished as harassment is too narrow, too broad, or strikes an appropriate balance?",1,"Definitely too narrow"
"scotus_harass","The Supreme Court has defined hostile environment harassment in educational settings as conduct (including expression) that is severe, pervasive, and objectively offensive. Do you believe the Court’s definition of expression that may be punished as harassment is too narrow, too broad, or strikes an appropriate balance?",2,"Probably too narrow"
"scotus_harass","The Supreme Court has defined hostile environment harassment in educational settings as conduct (including expression) that is severe, pervasive, and objectively offensive. Do you believe the Court’s definition of expression that may be punished as harassment is too narrow, too broad, or strikes an appropriate balance?",3,"Strikes an appropriate balance–is neither too narrow nor too broad"
"scotus_harass","The Supreme Court has defined hostile environment harassment in educational settings as conduct (including expression) that is severe, pervasive, and objectively offensive. Do you believe the Court’s definition of expression that may be punished as harassment is too narrow, too broad, or strikes an appropriate balance?",4,"Probably too broad"
"scotus_harass","The Supreme Court has defined hostile environment harassment in educational settings as conduct (including expression) that is severe, pervasive, and objectively offensive. Do you believe the Court’s definition of expression that may be punished as harassment is too narrow, too broad, or strikes an appropriate balance?",5,"Definitely too broad"
"scotus_harass","The Supreme Court has defined hostile environment harassment in educational settings as conduct (including expression) that is severe, pervasive, and objectively offensive. Do you believe the Court’s definition of expression that may be punished as harassment is too narrow, too broad, or strikes an appropriate balance?",6,"Don’t know / uncertain"
"obama_harass","The Department of Education, during the Obama Administration, issued guidance pressuring schools to address “unwelcome conduct” (including expression) as hostile environment harassment. Do you believe the Obama Administration's guidance for expression that may be punished as harassment was too narrow, too broad, or struck an appropriate balance?",1,"Definitely too narrow"
"obama_harass","The Department of Education, during the Obama Administration, issued guidance pressuring schools to address “unwelcome conduct” (including expression) as hostile environment harassment. Do you believe the Obama Administration's guidance for expression that may be punished as harassment was too narrow, too broad, or struck an appropriate balance?",2,"Probably too narrow"
"obama_harass","The Department of Education, during the Obama Administration, issued guidance pressuring schools to address “unwelcome conduct” (including expression) as hostile environment harassment. Do you believe the Obama Administration's guidance for expression that may be punished as harassment was too narrow, too broad, or struck an appropriate balance?",3,"Struck an appropriate balance–was neither too narrow nor too broad"
"obama_harass","The Department of Education, during the Obama Administration, issued guidance pressuring schools to address “unwelcome conduct” (including expression) as hostile environment harassment. Do you believe the Obama Administration's guidance for expression that may be punished as harassment was too narrow, too broad, or struck an appropriate balance?",4,"Probably too broad"
"obama_harass","The Department of Education, during the Obama Administration, issued guidance pressuring schools to address “unwelcome conduct” (including expression) as hostile environment harassment. Do you believe the Obama Administration's guidance for expression that may be punished as harassment was too narrow, too broad, or struck an appropriate balance?",5,"Definitely too broad"
"obama_harass","The Department of Education, during the Obama Administration, issued guidance pressuring schools to address “unwelcome conduct” (including expression) as hostile environment harassment. Do you believe the Obama Administration's guidance for expression that may be punished as harassment was too narrow, too broad, or struck an appropriate balance?",6,"Don’t know / uncertain"
"priority","In your opinion, which (if either) is a greater priority? Promoting equality and inclusion, or protecting free expression?",1,"Promoting equality and inclusion"
"priority","In your opinion, which (if either) is a greater priority? Promoting equality and inclusion, or protecting free expression?",2,"Protecting free expression"
"priority","In your opinion, which (if either) is a greater priority? Promoting equality and inclusion, or protecting free expression?",3,"Promoting equality and inclusion and protecting free expression should not be in conflict, and are both a priority"
"priority","In your opinion, which (if either) is a greater priority? Promoting equality and inclusion, or protecting free expression?",4,"Don’t know / uncertain"
"direction","Is American legal education generally on the right track, or heading in the wrong direction?",1,"Right track"
"direction","Is American legal education generally on the right track, or heading in the wrong direction?",2,"Wrong direction"
"studentcon","Within the context of classroom speech, how often, if at all, should students be able to express views related to course material that other students find controversial?",1,"Never"
"studentcon","Within the context of classroom speech, how often, if at all, should students be able to express views related to course material that other students find controversial?",2,"Rarely"
"studentcon","Within the context of classroom speech, how often, if at all, should students be able to express views related to course material that other students find controversial?",3,"Sometimes"
"studentcon","Within the context of classroom speech, how often, if at all, should students be able to express views related to course material that other students find controversial?",4,"Often"
"studentcon","Within the context of classroom speech, how often, if at all, should students be able to express views related to course material that other students find controversial?",5,"Always"
"facoffen","How acceptable, if at all, is it for law faculty to use offensive language in pedagogically relevant hypotheticals in class?",1,"Completely unacceptable"
"facoffen","How acceptable, if at all, is it for law faculty to use offensive language in pedagogically relevant hypotheticals in class?",2,"Mostly unacceptable"
"facoffen","How acceptable, if at all, is it for law faculty to use offensive language in pedagogically relevant hypotheticals in class?",3,"Neither acceptable nor unacceptable"
"facoffen","How acceptable, if at all, is it for law faculty to use offensive language in pedagogically relevant hypotheticals in class?",4,"Mostly acceptable"
"facoffen","How acceptable, if at all, is it for law faculty to use offensive language in pedagogically relevant hypotheticals in class?",5,"Completely acceptable"
"facquote","How acceptable, if at all, is it for law faculty to quote directly from judicial opinions, historical cases, or other legal materials that contain offensive language?",1,"Completely unacceptable"
"facquote","How acceptable, if at all, is it for law faculty to quote directly from judicial opinions, historical cases, or other legal materials that contain offensive language?",2,"Mostly unacceptable"
"facquote","How acceptable, if at all, is it for law faculty to quote directly from judicial opinions, historical cases, or other legal materials that contain offensive language?",3,"Neither acceptable nor unacceptable"
"facquote","How acceptable, if at all, is it for law faculty to quote directly from judicial opinions, historical cases, or other legal materials that contain offensive language?",4,"Mostly acceptable"
"facquote","How acceptable, if at all, is it for law faculty to quote directly from judicial opinions, historical cases, or other legal materials that contain offensive language?",5,"Completely acceptable"
"faccomf","How comfortable, if at all, are you discussing topics that students might find offensive or controversial?",1,"Very uncomfortable"
"faccomf","How comfortable, if at all, are you discussing topics that students might find offensive or controversial?",2,"Somewhat uncomfortable"
"faccomf","How comfortable, if at all, are you discussing topics that students might find offensive or controversial?",3,"Neither comfortable nor uncomfortable"
"faccomf","How comfortable, if at all, are you discussing topics that students might find offensive or controversial?",4,"Somewhat comfortable"
"faccomf","How comfortable, if at all, are you discussing topics that students might find offensive or controversial?",5,"Very comfortable"
"train_knowl","How important or unimportant is it to train law students on the following: - To acquire legal knowledge.",1,"Very unimportant"
"train_knowl","How important or unimportant is it to train law students on the following: - To acquire legal knowledge.",2,"Somewhat unimportant"
"train_knowl","How important or unimportant is it to train law students on the following: - To acquire legal knowledge.",3,"Neither important nor unimportant"
"train_knowl","How important or unimportant is it to train law students on the following: - To acquire legal knowledge.",4,"Somewhat important"
"train_knowl","How important or unimportant is it to train law students on the following: - To acquire legal knowledge.",5,"Very important"
"train_norms","How important or unimportant is it to train law students on the following: - To adhere to professional norms and acculturation.",1,"Very unimportant"
"train_norms","How important or unimportant is it to train law students on the following: - To adhere to professional norms and acculturation.",2,"Somewhat unimportant"
"train_norms","How important or unimportant is it to train law students on the following: - To adhere to professional norms and acculturation.",3,"Neither important nor unimportant"
"train_norms","How important or unimportant is it to train law students on the following: - To adhere to professional norms and acculturation.",4,"Somewhat important"
"train_norms","How important or unimportant is it to train law students on the following: - To adhere to professional norms and acculturation.",5,"Very important"
"train_prac","How important or unimportant is it to train law students on the following: - To think practically.",1,"Very unimportant"
"train_prac","How important or unimportant is it to train law students on the following: - To think practically.",2,"Somewhat unimportant"
"train_prac","How important or unimportant is it to train law students on the following: - To think practically.",3,"Neither important nor unimportant"
"train_prac","How important or unimportant is it to train law students on the following: - To think practically.",4,"Somewhat important"
"train_prac","How important or unimportant is it to train law students on the following: - To think practically.",5,"Very important"
"train_phil","How important or unimportant is it to train law students on the following: - To think philosophically.",1,"Very unimportant"
"train_phil","How important or unimportant is it to train law students on the following: - To think philosophically.",2,"Somewhat unimportant"
"train_phil","How important or unimportant is it to train law students on the following: - To think philosophically.",3,"Neither important nor unimportant"
"train_phil","How important or unimportant is it to train law students on the following: - To think philosophically.",4,"Somewhat important"
"train_phil","How important or unimportant is it to train law students on the following: - To think philosophically.",5,"Very important"
"train_skill","How important or unimportant is it to train law students on the following: - To practice legal skills.",1,"Very unimportant"
"train_skill","How important or unimportant is it to train law students on the following: - To practice legal skills.",2,"Somewhat unimportant"
"train_skill","How important or unimportant is it to train law students on the following: - To practice legal skills.",3,"Neither important nor unimportant"
"train_skill","How important or unimportant is it to train law students on the following: - To practice legal skills.",4,"Somewhat important"
"train_skill","How important or unimportant is it to train law students on the following: - To practice legal skills.",5,"Very important"
"train_const","How important or unimportant is it to train law students on the following: - To support and defend the Constitution.",1,"Very unimportant"
"train_const","How important or unimportant is it to train law students on the following: - To support and defend the Constitution.",2,"Somewhat unimportant"
"train_const","How important or unimportant is it to train law students on the following: - To support and defend the Constitution.",3,"Neither important nor unimportant"
"train_const","How important or unimportant is it to train law students on the following: - To support and defend the Constitution.",4,"Somewhat important"
"train_const","How important or unimportant is it to train law students on the following: - To support and defend the Constitution.",5,"Very important"
"train_rule","How important or unimportant is it to train law students on the following: - To support and defend the rule of law.",1,"Very unimportant"
"train_rule","How important or unimportant is it to train law students on the following: - To support and defend the rule of law.",2,"Somewhat unimportant"
"train_rule","How important or unimportant is it to train law students on the following: - To support and defend the rule of law.",3,"Neither important nor unimportant"
"train_rule","How important or unimportant is it to train law students on the following: - To support and defend the rule of law.",4,"Somewhat important"
"train_rule","How important or unimportant is it to train law students on the following: - To support and defend the rule of law.",5,"Very important"
"train_disag","How important or unimportant is it to train law students on the following: - To disagree respectfully.",1,"Very unimportant"
"train_disag","How important or unimportant is it to train law students on the following: - To disagree respectfully.",2,"Somewhat unimportant"
"train_disag","How important or unimportant is it to train law students on the following: - To disagree respectfully.",3,"Neither important nor unimportant"
"train_disag","How important or unimportant is it to train law students on the following: - To disagree respectfully.",4,"Somewhat important"
"train_disag","How important or unimportant is it to train law students on the following: - To disagree respectfully.",5,"Very important"
"train_engage","How important or unimportant is it to train law students on the following: - To engage across partisan and ideological divides.",1,"Very unimportant"
"train_engage","How important or unimportant is it to train law students on the following: - To engage across partisan and ideological divides.",2,"Somewhat unimportant"
"train_engage","How important or unimportant is it to train law students on the following: - To engage across partisan and ideological divides.",3,"Neither important nor unimportant"
"train_engage","How important or unimportant is it to train law students on the following: - To engage across partisan and ideological divides.",4,"Somewhat important"
"train_engage","How important or unimportant is it to train law students on the following: - To engage across partisan and ideological divides.",5,"Very important"
"sup_session","How much, if at all, do you support or oppose the following at your law school? - A mandatory session for all law students on the importance of freedom of speech.",1,"Strongly oppose this"
"sup_session","How much, if at all, do you support or oppose the following at your law school? - A mandatory session for all law students on the importance of freedom of speech.",2,"Somewhat oppose this"
"sup_session","How much, if at all, do you support or oppose the following at your law school? - A mandatory session for all law students on the importance of freedom of speech.",3,"Neither oppose nor support"
"sup_session","How much, if at all, do you support or oppose the following at your law school? - A mandatory session for all law students on the importance of freedom of speech.",4,"Somewhat support this"
"sup_session","How much, if at all, do you support or oppose the following at your law school? - A mandatory session for all law students on the importance of freedom of speech.",5,"Strongly support this"
"sup_acadpol","How much, if at all, do you support or oppose the following at your law school? - Adopting written policies that protect academic freedom.",1,"Strongly oppose this"
"sup_acadpol","How much, if at all, do you support or oppose the following at your law school? - Adopting written policies that protect academic freedom.",2,"Somewhat oppose this"
"sup_acadpol","How much, if at all, do you support or oppose the following at your law school? - Adopting written policies that protect academic freedom.",3,"Neither oppose nor support"
"sup_acadpol","How much, if at all, do you support or oppose the following at your law school? - Adopting written policies that protect academic freedom.",4,"Somewhat support this"
"sup_acadpol","How much, if at all, do you support or oppose the following at your law school? - Adopting written policies that protect academic freedom.",5,"Strongly support this"
"sup_exprpol","How much, if at all, do you support or oppose the following at your law school? - Adopting written policies that encourage the free expression of ideas.",1,"Strongly oppose this"
"sup_exprpol","How much, if at all, do you support or oppose the following at your law school? - Adopting written policies that encourage the free expression of ideas.",2,"Somewhat oppose this"
"sup_exprpol","How much, if at all, do you support or oppose the following at your law school? - Adopting written policies that encourage the free expression of ideas.",3,"Neither oppose nor support"
"sup_exprpol","How much, if at all, do you support or oppose the following at your law school? - Adopting written policies that encourage the free expression of ideas.",4,"Somewhat support this"
"sup_exprpol","How much, if at all, do you support or oppose the following at your law school? - Adopting written policies that encourage the free expression of ideas.",5,"Strongly support this"
"sup_event","How much, if at all, do you support or oppose the following at your law school? - Law school-sponsored events to debate controversial ideas.",1,"Strongly oppose this"
"sup_event","How much, if at all, do you support or oppose the following at your law school? - Law school-sponsored events to debate controversial ideas.",2,"Somewhat oppose this"
"sup_event","How much, if at all, do you support or oppose the following at your law school? - Law school-sponsored events to debate controversial ideas.",3,"Neither oppose nor support"
"sup_event","How much, if at all, do you support or oppose the following at your law school? - Law school-sponsored events to debate controversial ideas.",4,"Somewhat support this"
"sup_event","How much, if at all, do you support or oppose the following at your law school? - Law school-sponsored events to debate controversial ideas.",5,"Strongly support this"
"judgeideo","How justified or unjustified is it for judges to not hire law clerks from law schools the judge perceives to be ideologically biased?",1,"Extremely unjustified"
"judgeideo","How justified or unjustified is it for judges to not hire law clerks from law schools the judge perceives to be ideologically biased?",2,"Unjustified"
"judgeideo","How justified or unjustified is it for judges to not hire law clerks from law schools the judge perceives to be ideologically biased?",3,"Somewhat unjustified"
"judgeideo","How justified or unjustified is it for judges to not hire law clerks from law schools the judge perceives to be ideologically biased?",4,"Neither justified nor unjustified"
"judgeideo","How justified or unjustified is it for judges to not hire law clerks from law schools the judge perceives to be ideologically biased?",5,"Somewhat justified"
"judgeideo","How justified or unjustified is it for judges to not hire law clerks from law schools the judge perceives to be ideologically biased?",6,"Justified"
"judgeideo","How justified or unjustified is it for judges to not hire law clerks from law schools the judge perceives to be ideologically biased?",7,"Extremely justified"
"judgeT14","How justified or unjustified is it for judges to not hire law clerks from Ivy League and T14 law schools because they perceive these schools to lack diverse legal thought?",1,"Extremely unjustified"
"judgeT14","How justified or unjustified is it for judges to not hire law clerks from Ivy League and T14 law schools because they perceive these schools to lack diverse legal thought?",2,"Unjustified"
"judgeT14","How justified or unjustified is it for judges to not hire law clerks from Ivy League and T14 law schools because they perceive these schools to lack diverse legal thought?",3,"Somewhat unjustified"
"judgeT14","How justified or unjustified is it for judges to not hire law clerks from Ivy League and T14 law schools because they perceive these schools to lack diverse legal thought?",4,"Neither justified nor unjustified"
"judgeT14","How justified or unjustified is it for judges to not hire law clerks from Ivy League and T14 law schools because they perceive these schools to lack diverse legal thought?",5,"Somewhat justified"
"judgeT14","How justified or unjustified is it for judges to not hire law clerks from Ivy League and T14 law schools because they perceive these schools to lack diverse legal thought?",6,"Justified"
"judgeT14","How justified or unjustified is it for judges to not hire law clerks from Ivy League and T14 law schools because they perceive these schools to lack diverse legal thought?",7,"Extremely justified"
"judgeview","How do you personally view judges’ decision making in the United States?",1,"Judges are entirely politically motivated."
"judgeview","How do you personally view judges’ decision making in the United States?",2,"Judges are mostly politically motivated."
"judgeview","How do you personally view judges’ decision making in the United States?",3,"Judges are a mix of politically motivated and politically neutral."
"judgeview","How do you personally view judges’ decision making in the United States?",4,"Judges are mostly politically neutral."
"judgeview","How do you personally view judges’ decision making in the United States?",5,"Judges are completely politically neutral."
"judgeview","How do you personally view judges’ decision making in the United States?",6,"Don’t know / unsure."
"judgeteach","In your teaching, how do you generally characterize judges’ decision making in the United States?",1,"Judges are entirely politically motivated."
"judgeteach","In your teaching, how do you generally characterize judges’ decision making in the United States?",2,"Judges are mostly politically motivated."
"judgeteach","In your teaching, how do you generally characterize judges’ decision making in the United States?",3,"Judges are a mix of politically motivated and politically neutral."
"judgeteach","In your teaching, how do you generally characterize judges’ decision making in the United States?",4,"Judges are mostly politically neutral."
"judgeteach","In your teaching, how do you generally characterize judges’ decision making in the United States?",5,"Judges are completely politically neutral."
"judgeteach","In your teaching, how do you generally characterize judges’ decision making in the United States?",6,"I don’t characterize judges’ decision making as either politically motivated or politically neutral."
"spmargin","Freedom of speech helps marginalized groups in society be heard.",1,"Strongly oppose this position"
"spmargin","Freedom of speech helps marginalized groups in society be heard.",2,"Somewhat oppose this position"
"spmargin","Freedom of speech helps marginalized groups in society be heard.",3,"Neither oppose nor support"
"spmargin","Freedom of speech helps marginalized groups in society be heard.",4,"Somewhat support this position"
"spmargin","Freedom of speech helps marginalized groups in society be heard.",5,"Strongly support this position"
"spdiff","Generally, having different points of view, including those that some consider offensive, promotes healthy debate in society.",1,"Strongly oppose this position"
"spdiff","Generally, having different points of view, including those that some consider offensive, promotes healthy debate in society.",2,"Somewhat oppose this position"
"spdiff","Generally, having different points of view, including those that some consider offensive, promotes healthy debate in society.",3,"Neither oppose nor support"
"spdiff","Generally, having different points of view, including those that some consider offensive, promotes healthy debate in society.",4,"Somewhat support this position"
"spdiff","Generally, having different points of view, including those that some consider offensive, promotes healthy debate in society.",5,"Strongly support this position"
"deihire","Some universities require applicants for faculty positions to submit statements articulating actions and efforts they’ve made (or will make) related to diversity, equity, and inclusion before being considered for a job. How justifiable, if at all, is this requirement?",1,"This is never justifiable"
"deihire","Some universities require applicants for faculty positions to submit statements articulating actions and efforts they’ve made (or will make) related to diversity, equity, and inclusion before being considered for a job. How justifiable, if at all, is this requirement?",2,"This is rarely justifiable"
"deihire","Some universities require applicants for faculty positions to submit statements articulating actions and efforts they’ve made (or will make) related to diversity, equity, and inclusion before being considered for a job. How justifiable, if at all, is this requirement?",3,"This is sometimes justifiable"
"deihire","Some universities require applicants for faculty positions to submit statements articulating actions and efforts they’ve made (or will make) related to diversity, equity, and inclusion before being considered for a job. How justifiable, if at all, is this requirement?",4,"This is often justifiable"
"deihire","Some universities require applicants for faculty positions to submit statements articulating actions and efforts they’ve made (or will make) related to diversity, equity, and inclusion before being considered for a job. How justifiable, if at all, is this requirement?",5,"This is always justifiable"
"deitenure","Some universities require faculty statements on diversity, equity, and inclusion in order to be considered for promotion/tenure. How justifiable, if at all, is this requirement?",1,"This is never justifiable"
"deitenure","Some universities require faculty statements on diversity, equity, and inclusion in order to be considered for promotion/tenure. How justifiable, if at all, is this requirement?",2,"This is rarely justifiable"
"deitenure","Some universities require faculty statements on diversity, equity, and inclusion in order to be considered for promotion/tenure. How justifiable, if at all, is this requirement?",3,"This is sometimes justifiable"
"deitenure","Some universities require faculty statements on diversity, equity, and inclusion in order to be considered for promotion/tenure. How justifiable, if at all, is this requirement?",4,"This is often justifiable"
"deitenure","Some universities require faculty statements on diversity, equity, and inclusion in order to be considered for promotion/tenure. How justifiable, if at all, is this requirement?",5,"This is always justifiable"
"polclimate","Do you feel that there is a supportive or hostile climate towards people with your political beliefs in your law school?",1,"Very hostile"
"polclimate","Do you feel that there is a supportive or hostile climate towards people with your political beliefs in your law school?",2,"Somewhat hostile"
"polclimate","Do you feel that there is a supportive or hostile climate towards people with your political beliefs in your law school?",3,"Neither supportive nor hostile"
"polclimate","Do you feel that there is a supportive or hostile climate towards people with your political beliefs in your law school?",4,"Somewhat supportive"
"polclimate","Do you feel that there is a supportive or hostile climate towards people with your political beliefs in your law school?",5,"Very supportive"
"polhide","How often, if at all, do you hide your political beliefs from other faculty in an attempt to keep your job?",1,"Never"
"polhide","How often, if at all, do you hide your political beliefs from other faculty in an attempt to keep your job?",2,"Rarely"
"polhide","How often, if at all, do you hide your political beliefs from other faculty in an attempt to keep your job?",3,"Occasionally, once or twice a month"
"polhide","How often, if at all, do you hide your political beliefs from other faculty in an attempt to keep your job?",4,"Fairly often, a couple times a week"
"polhide","How often, if at all, do you hide your political beliefs from other faculty in an attempt to keep your job?",5,"Very often, nearly every day"
"hirecons","If an applicant seeking a position in your law school is notably conservative, how often, if at all, do you believe this would adversely affect your decision to hire the applicant?",1,"Never"
"hirecons","If an applicant seeking a position in your law school is notably conservative, how often, if at all, do you believe this would adversely affect your decision to hire the applicant?",2,"Rarely"
"hirecons","If an applicant seeking a position in your law school is notably conservative, how often, if at all, do you believe this would adversely affect your decision to hire the applicant?",3,"Sometimes"
"hirecons","If an applicant seeking a position in your law school is notably conservative, how often, if at all, do you believe this would adversely affect your decision to hire the applicant?",4,"Often"
"hirecons","If an applicant seeking a position in your law school is notably conservative, how often, if at all, do you believe this would adversely affect your decision to hire the applicant?",5,"Always"
"hirelib","If an applicant seeking a position in your law school is notably liberal, how often, if at all, do you believe this would adversely affect your decision to hire the applicant?",1,"Never"
"hirelib","If an applicant seeking a position in your law school is notably liberal, how often, if at all, do you believe this would adversely affect your decision to hire the applicant?",2,"Rarely"
"hirelib","If an applicant seeking a position in your law school is notably liberal, how often, if at all, do you believe this would adversely affect your decision to hire the applicant?",3,"Sometimes"
"hirelib","If an applicant seeking a position in your law school is notably liberal, how often, if at all, do you believe this would adversely affect your decision to hire the applicant?",4,"Often"
"hirelib","If an applicant seeking a position in your law school is notably liberal, how often, if at all, do you believe this would adversely affect your decision to hire the applicant?",5,"Always"
"mentorcons","If a student asked you to be his or her mentor/advisor and you knew the student was notably conservative, how often, if at all, do you believe this would adversely affect your decision to mentor/advise the student?",1,"Never"
"mentorcons","If a student asked you to be his or her mentor/advisor and you knew the student was notably conservative, how often, if at all, do you believe this would adversely affect your decision to mentor/advise the student?",2,"Rarely"
"mentorcons","If a student asked you to be his or her mentor/advisor and you knew the student was notably conservative, how often, if at all, do you believe this would adversely affect your decision to mentor/advise the student?",3,"Sometimes"
"mentorcons","If a student asked you to be his or her mentor/advisor and you knew the student was notably conservative, how often, if at all, do you believe this would adversely affect your decision to mentor/advise the student?",4,"Often"
"mentorcons","If a student asked you to be his or her mentor/advisor and you knew the student was notably conservative, how often, if at all, do you believe this would adversely affect your decision to mentor/advise the student?",5,"Always"
"mentorlib","If a student asked you to be his or her mentor/advisor and you knew the student was notably liberal, how often, if at all, do you believe this would adversely affect your decision to mentor/advise the student?",1,"Never"
"mentorlib","If a student asked you to be his or her mentor/advisor and you knew the student was notably liberal, how often, if at all, do you believe this would adversely affect your decision to mentor/advise the student?",2,"Rarely"
"mentorlib","If a student asked you to be his or her mentor/advisor and you knew the student was notably liberal, how often, if at all, do you believe this would adversely affect your decision to mentor/advise the student?",3,"Sometimes"
"mentorlib","If a student asked you to be his or her mentor/advisor and you knew the student was notably liberal, how often, if at all, do you believe this would adversely affect your decision to mentor/advise the student?",4,"Often"
"mentorlib","If a student asked you to be his or her mentor/advisor and you knew the student was notably liberal, how often, if at all, do you believe this would adversely affect your decision to mentor/advise the student?",5,"Always"
"clerkcons","If a student asked you to write a clerkship recommendation, and you knew the student was applying to mostly Republican-appointed judges, how often, if at all, do you believe this would adversely affect your decision to write the letter?",1,"Never"
"clerkcons","If a student asked you to write a clerkship recommendation, and you knew the student was applying to mostly Republican-appointed judges, how often, if at all, do you believe this would adversely affect your decision to write the letter?",2,"Rarely"
"clerkcons","If a student asked you to write a clerkship recommendation, and you knew the student was applying to mostly Republican-appointed judges, how often, if at all, do you believe this would adversely affect your decision to write the letter?",3,"Sometimes"
"clerkcons","If a student asked you to write a clerkship recommendation, and you knew the student was applying to mostly Republican-appointed judges, how often, if at all, do you believe this would adversely affect your decision to write the letter?",4,"Often"
"clerkcons","If a student asked you to write a clerkship recommendation, and you knew the student was applying to mostly Republican-appointed judges, how often, if at all, do you believe this would adversely affect your decision to write the letter?",5,"Always"
"clerklib","If a student asked you to write a clerkship recommendation, and you knew the student was applying to mostly Democrat-appointed judges, how often, if at all, do you believe this would adversely affect your decision to write the letter?",1,"Never"
"clerklib","If a student asked you to write a clerkship recommendation, and you knew the student was applying to mostly Democrat-appointed judges, how often, if at all, do you believe this would adversely affect your decision to write the letter?",2,"Rarely"
"clerklib","If a student asked you to write a clerkship recommendation, and you knew the student was applying to mostly Democrat-appointed judges, how often, if at all, do you believe this would adversely affect your decision to write the letter?",3,"Sometimes"
"clerklib","If a student asked you to write a clerkship recommendation, and you knew the student was applying to mostly Democrat-appointed judges, how often, if at all, do you believe this would adversely affect your decision to write the letter?",4,"Often"
"clerklib","If a student asked you to write a clerkship recommendation, and you knew the student was applying to mostly Democrat-appointed judges, how often, if at all, do you believe this would adversely affect your decision to write the letter?",5,"Always"
"fitlib","How well would a liberal individual fit in your law school?",1,"Very poor fit"
"fitlib","How well would a liberal individual fit in your law school?",2,"Somewhat poor fit"
"fitlib","How well would a liberal individual fit in your law school?",3,"Neither poor nor positive fit"
"fitlib","How well would a liberal individual fit in your law school?",4,"Somewhat positive fit"
"fitlib","How well would a liberal individual fit in your law school?",5,"Very positive fit"
"fitcons","How well would a conservative individual fit in your law school?",1,"Very poor fit"
"fitcons","How well would a conservative individual fit in your law school?",2,"Somewhat poor fit"
"fitcons","How well would a conservative individual fit in your law school?",3,"Neither poor nor positive fit"
"fitcons","How well would a conservative individual fit in your law school?",4,"Somewhat positive fit"
"fitcons","How well would a conservative individual fit in your law school?",5,"Very positive fit"
"col_hirecons","If an applicant seeking a position in your law school is notably conservative, how often, if at all, do you believe this would adversely affect your colleagues' decision to hire the applicant?",1,"Never"
"col_hirecons","If an applicant seeking a position in your law school is notably conservative, how often, if at all, do you believe this would adversely affect your colleagues' decision to hire the applicant?",2,"Rarely"
"col_hirecons","If an applicant seeking a position in your law school is notably conservative, how often, if at all, do you believe this would adversely affect your colleagues' decision to hire the applicant?",3,"Sometimes"
"col_hirecons","If an applicant seeking a position in your law school is notably conservative, how often, if at all, do you believe this would adversely affect your colleagues' decision to hire the applicant?",4,"Often"
"col_hirecons","If an applicant seeking a position in your law school is notably conservative, how often, if at all, do you believe this would adversely affect your colleagues' decision to hire the applicant?",5,"Always"
"col_hirelib","If an applicant seeking a position in your law school is notably liberal, how often, if at all, do you believe this would adversely affect your colleagues' decision to hire the applicant?",1,"Never"
"col_hirelib","If an applicant seeking a position in your law school is notably liberal, how often, if at all, do you believe this would adversely affect your colleagues' decision to hire the applicant?",2,"Rarely"
"col_hirelib","If an applicant seeking a position in your law school is notably liberal, how often, if at all, do you believe this would adversely affect your colleagues' decision to hire the applicant?",3,"Sometimes"
"col_hirelib","If an applicant seeking a position in your law school is notably liberal, how often, if at all, do you believe this would adversely affect your colleagues' decision to hire the applicant?",4,"Often"
"col_hirelib","If an applicant seeking a position in your law school is notably liberal, how often, if at all, do you believe this would adversely affect your colleagues' decision to hire the applicant?",5,"Always"
"col_mentorcons","If a student was seeking a mentor/advisor and your colleagues knew the student was notably conservative, how often, if at all, do you believe this would adversely affect your colleagues' decision to mentor/advise the student?",1,"Never"
"col_mentorcons","If a student was seeking a mentor/advisor and your colleagues knew the student was notably conservative, how often, if at all, do you believe this would adversely affect your colleagues' decision to mentor/advise the student?",2,"Rarely"
"col_mentorcons","If a student was seeking a mentor/advisor and your colleagues knew the student was notably conservative, how often, if at all, do you believe this would adversely affect your colleagues' decision to mentor/advise the student?",3,"Sometimes"
"col_mentorcons","If a student was seeking a mentor/advisor and your colleagues knew the student was notably conservative, how often, if at all, do you believe this would adversely affect your colleagues' decision to mentor/advise the student?",4,"Often"
"col_mentorcons","If a student was seeking a mentor/advisor and your colleagues knew the student was notably conservative, how often, if at all, do you believe this would adversely affect your colleagues' decision to mentor/advise the student?",5,"Always"
"col_mentorlib","If a student was seeking a mentor/advisor and your colleagues knew the student was notably liberal, how often, if at all, do you believe this would adversely affect your colleagues' decision to mentor/advise the student?",1,"Never"
"col_mentorlib","If a student was seeking a mentor/advisor and your colleagues knew the student was notably liberal, how often, if at all, do you believe this would adversely affect your colleagues' decision to mentor/advise the student?",2,"Rarely"
"col_mentorlib","If a student was seeking a mentor/advisor and your colleagues knew the student was notably liberal, how often, if at all, do you believe this would adversely affect your colleagues' decision to mentor/advise the student?",3,"Sometimes"
"col_mentorlib","If a student was seeking a mentor/advisor and your colleagues knew the student was notably liberal, how often, if at all, do you believe this would adversely affect your colleagues' decision to mentor/advise the student?",4,"Often"
"col_mentorlib","If a student was seeking a mentor/advisor and your colleagues knew the student was notably liberal, how often, if at all, do you believe this would adversely affect your colleagues' decision to mentor/advise the student?",5,"Always"
"col_clerkcons","If a student was seeking a clerkship recommendation, and your colleagues knew the student was applying to mostly Republican-appointed judges, how often, if at all, do you believe this would adversely affect your colleagues'  decision to write a letter?",1,"Never"
"col_clerkcons","If a student was seeking a clerkship recommendation, and your colleagues knew the student was applying to mostly Republican-appointed judges, how often, if at all, do you believe this would adversely affect your colleagues'  decision to write a letter?",2,"Rarely"
"col_clerkcons","If a student was seeking a clerkship recommendation, and your colleagues knew the student was applying to mostly Republican-appointed judges, how often, if at all, do you believe this would adversely affect your colleagues'  decision to write a letter?",3,"Sometimes"
"col_clerkcons","If a student was seeking a clerkship recommendation, and your colleagues knew the student was applying to mostly Republican-appointed judges, how often, if at all, do you believe this would adversely affect your colleagues'  decision to write a letter?",4,"Often"
"col_clerkcons","If a student was seeking a clerkship recommendation, and your colleagues knew the student was applying to mostly Republican-appointed judges, how often, if at all, do you believe this would adversely affect your colleagues'  decision to write a letter?",5,"Always"
"col_clerklib","If a student was seeking a clerkship recommendation, and your colleagues knew the student was applying to mostly Democrat-appointed judges, how often, if at all, do you believe this would adversely affect your colleagues' decision to write a letter?",1,"Never"
"col_clerklib","If a student was seeking a clerkship recommendation, and your colleagues knew the student was applying to mostly Democrat-appointed judges, how often, if at all, do you believe this would adversely affect your colleagues' decision to write a letter?",2,"Rarely"
"col_clerklib","If a student was seeking a clerkship recommendation, and your colleagues knew the student was applying to mostly Democrat-appointed judges, how often, if at all, do you believe this would adversely affect your colleagues' decision to write a letter?",3,"Sometimes"
"col_clerklib","If a student was seeking a clerkship recommendation, and your colleagues knew the student was applying to mostly Democrat-appointed judges, how often, if at all, do you believe this would adversely affect your colleagues' decision to write a letter?",4,"Often"
"col_clerklib","If a student was seeking a clerkship recommendation, and your colleagues knew the student was applying to mostly Democrat-appointed judges, how often, if at all, do you believe this would adversely affect your colleagues' decision to write a letter?",5,"Always"
"educontext","Legal education is most effective in:",1,"A non-adversarial context (e.g., Didactic lecturing, standardized grading)"
"educontext","Legal education is most effective in:",2,"An adversarial context (e.g., Socratic dialogue, enforced grading curve)"
"educontext","Legal education is most effective in:",3,"Neither / don’t know"
"FLDF","How familiar, if at all, are you with FIRE’s Faculty Legal Defense Fund (FLDF)?",1,"Never heard of it"
"FLDF","How familiar, if at all, are you with FIRE’s Faculty Legal Defense Fund (FLDF)?",2,"I’ve heard of it, but I don’t know much about it"
"FLDF","How familiar, if at all, are you with FIRE’s Faculty Legal Defense Fund (FLDF)?",3,"Somewhat familiar"
"FLDF","How familiar, if at all, are you with FIRE’s Faculty Legal Defense Fund (FLDF)?",4,"Very familiar"
"Position","Which most accurately describes your law school affiliation?",1,"Chaired or Distinguished Professor"
"Position","Which most accurately describes your law school affiliation?",2,"Full Professor"
"Position","Which most accurately describes your law school affiliation?",3,"Clinical Professor"
"Position","Which most accurately describes your law school affiliation?",4,"Associate Professor"
"Position","Which most accurately describes your law school affiliation?",5,"Assistant Professor"
"Position","Which most accurately describes your law school affiliation?",6,"Emeriti"
"Position","Which most accurately describes your law school affiliation?",7,"Administrator"
"Position","Which most accurately describes your law school affiliation?",8,"Adjunct / Lecturer"
"Position","Which most accurately describes your law school affiliation?",9,"Affiliate/Courtesy Professor"
"Position","Which most accurately describes your law school affiliation?",10,"Visiting Professor"
"Position","Which most accurately describes your law school affiliation?",11,"Professor of Practice"
"Position","Which most accurately describes your law school affiliation?",12,"Librarian"
"Area","What is your primary academic area of study in law? - Selected Choice",1,"Administrative / education law"
"Area","What is your primary academic area of study in law? - Selected Choice",2,"Alternative dispute resolution"
"Area","What is your primary academic area of study in law? - Selected Choice",3,"Bankruptcy"
"Area","What is your primary academic area of study in law? - Selected Choice",4,"Business law / business organizations / commercial litigation"
"Area","What is your primary academic area of study in law? - Selected Choice",5,"Civil procedure"
"Area","What is your primary academic area of study in law? - Selected Choice",6,"Communications / media law"
"Area","What is your primary academic area of study in law? - Selected Choice",7,"Conflict of laws"
"Area","What is your primary academic area of study in law? - Selected Choice",8,"Constitutional law"
"Area","What is your primary academic area of study in law? - Selected Choice",9,"Contract law"
"Area","What is your primary academic area of study in law? - Selected Choice",10,"Copyright / trademark / intellectual property law"
"Area","What is your primary academic area of study in law? - Selected Choice",11,"Criminal law"
"Area","What is your primary academic area of study in law? - Selected Choice",12,"Criminal procedure"
"Area","What is your primary academic area of study in law? - Selected Choice",13,"Environmental law"
"Area","What is your primary academic area of study in law? - Selected Choice",14,"Family / adoption law"
"Area","What is your primary academic area of study in law? - Selected Choice",15,"First Amendment law"
"Area","What is your primary academic area of study in law? - Selected Choice",16,"Health law"
"Area","What is your primary academic area of study in law? - Selected Choice",17,"Immigration law"
"Area","What is your primary academic area of study in law? - Selected Choice",18,"International / comparative law"
"Area","What is your primary academic area of study in law? - Selected Choice",19,"Jurisprudence"
"Area","What is your primary academic area of study in law? - Selected Choice",20,"Legal ethics"
"Area","What is your primary academic area of study in law? - Selected Choice",21,"Legal history"
"Area","What is your primary academic area of study in law? - Selected Choice",22,"Maritime / admiralty law"
"Area","What is your primary academic area of study in law? - Selected Choice",23,"Military law / law of war"
"Area","What is your primary academic area of study in law? - Selected Choice",24,"Property law"
"Area","What is your primary academic area of study in law? - Selected Choice",25,"Tax law"
"Area","What is your primary academic area of study in law? - Selected Choice",26,"Tort law"
"Area","What is your primary academic area of study in law? - Selected Choice",27,"Trust and estates law"
"Area","What is your primary academic area of study in law? - Selected Choice",28,"Other"
"Degree_1","What degree(s) have you earned? (Select all that apply) J.D.",1,"J.D."
"Degree_2","What degree(s) have you earned? (Select all that apply) Professional doctorate other than J.D. (e.g., MD, DDS, AuD, PharmD)",1,"Professional doctorate other than J.D. (e.g., MD, DDS, AuD, PharmD)"
"Degree_3","What degree(s) have you earned? (Select all that apply) LLM or Masters",1,"LLM or Masters"
"Degree_4","What degree(s) have you earned? (Select all that apply) Research doctorate (e.g., PhD, SJD, EdD)",1,"Research doctorate (e.g., PhD, SJD, EdD)"
"Degree_5","What degree(s) have you earned? (Select all that apply) Honorary doctorate (e.g., DLitt, LL.D.)",1,"Honorary doctorate (e.g., DLitt, LL.D.)"
"Gender","What is your gender?",1,"Female"
"Gender","What is your gender?",2,"Male"
"Gender","What is your gender?",3,"Other / decline to state"
"Race","How would you describe yourself? - Selected Choice",1,"American Indian or Alaska Native"
"Race","How would you describe yourself? - Selected Choice",2,"Asian American"
"Race","How would you describe yourself? - Selected Choice",3,"Black or African American"
"Race","How would you describe yourself? - Selected Choice",4,"Hispanic or Latin American"
"Race","How would you describe yourself? - Selected Choice",5,"Middle Eastern/North African"
"Race","How would you describe yourself? - Selected Choice",6,"Native Hawaiian or Other Pacific Islander"
"Race","How would you describe yourself? - Selected Choice",7,"Two or more races"
"Race","How would you describe yourself? - Selected Choice",8,"White or Caucasian"
"Race","How would you describe yourself? - Selected Choice",9,"Not listed above (please specify)"
"Ideo","Using the following scale, how would you describe your political beliefs, generally? - Selected Choice",1,"Very liberal"
"Ideo","Using the following scale, how would you describe your political beliefs, generally? - Selected Choice",2,"Liberal"
"Ideo","Using the following scale, how would you describe your political beliefs, generally? - Selected Choice",3,"Slightly liberal"
"Ideo","Using the following scale, how would you describe your political beliefs, generally? - Selected Choice",4,"Moderate, middle-of-the-road"
"Ideo","Using the following scale, how would you describe your political beliefs, generally? - Selected Choice",5,"Slightly conservative"
"Ideo","Using the following scale, how would you describe your political beliefs, generally? - Selected Choice",6,"Conservative"
"Ideo","Using the following scale, how would you describe your political beliefs, generally? - Selected Choice",7,"Very conservative"
"Ideo","Using the following scale, how would you describe your political beliefs, generally? - Selected Choice",8,"Something else (please specify)"
"ideobin","ideobin",1,"liberal"
"ideobin","ideobin",2,"moderate"
"ideobin","ideobin",3,"conservative"
"Party","In politics today, do you consider yourself a Republican, Democrat, or something else? - Selected Choice",1,"Strong Democrat"
"Party","In politics today, do you consider yourself a Republican, Democrat, or something else? - Selected Choice",2,"Lean Democrat"
"Party","In politics today, do you consider yourself a Republican, Democrat, or something else? - Selected Choice",3,"Independent"
"Party","In politics today, do you consider yourself a Republican, Democrat, or something else? - Selected Choice",4,"Lean Republican"
"Party","In politics today, do you consider yourself a Republican, Democrat, or something else? - Selected Choice",5,"Strong Republican"
"Party","In politics today, do you consider yourself a Republican, Democrat, or something else? - Selected Choice",6,"Something else (please specify)"
"age_5cat","age_5cat",1,"21-34"
"age_5cat","age_5cat",2,"35-44"
"age_5cat","age_5cat",3,"45-54"
"age_5cat","age_5cat",4,"55-64"
"age_5cat","age_5cat",5,"65+"
"Religion","What is your present religion, if any?",1,"Mainline Protestant"
"Religion","What is your present religion, if any?",2,"Evangelical Protestant"
"Religion","What is your present religion, if any?",3,"Roman Catholic"
"Religion","What is your present religion, if any?",4,"Mormon"
"Religion","What is your present religion, if any?",5,"Eastern or Greek Orthodox"
"Religion","What is your present religion, if any?",6,"Jewish"
"Religion","What is your present religion, if any?",7,"Muslim"
"Religion","What is your present religion, if any?",8,"Buddhist"
"Religion","What is your present religion, if any?",9,"Hindu"
"Religion","What is your present religion, if any?",10,"Atheist"
"Religion","What is your present religion, if any?",11,"Agnostic"
"Religion","What is your present religion, if any?",12,"Nothing in Particular"
"Religion","What is your present religion, if any?",13,"Something else"
"Religion2","Do you belong to any one of these churches or groups?",1,"Baptist"
"Religion2","Do you belong to any one of these churches or groups?",2,"Methodist"
"Religion2","Do you belong to any one of these churches or groups?",3,"Nondenominational or Independent Church"
"Religion2","Do you belong to any one of these churches or groups?",4,"Lutheran"
"Religion2","Do you belong to any one of these churches or groups?",5,"Presbyterian"
"Religion2","Do you belong to any one of these churches or groups?",6,"Pentecostal"
"Religion2","Do you belong to any one of these churches or groups?",7,"Episcopalian"
"Religion2","Do you belong to any one of these churches or groups?",8,"Church of Christ or Disciples of Christ"
"Religion2","Do you belong to any one of these churches or groups?",9,"Congregational or United Church of Christ"
"Religion2","Do you belong to any one of these churches or groups?",10,"Holiness"
"Religion2","Do you belong to any one of these churches or groups?",11,"Reformed"
"Religion2","Do you belong to any one of these churches or groups?",12,"Adventist"
"Religion2","Do you belong to any one of these churches or groups?",13,"Jehovah’s Witness"
"Religion2","Do you belong to any one of these churches or groups?",14,"None of these"
