ta,University,University_original,Encampment?,Encampment after 5/1 at 5pm eastern time,Encampment protest start date,News link 1,News link 2,Link 3,Link 4,Notes,Arrests?,Number Arrested,Link for arrest stat,Arrests new since 5/1 at 4pm eastern time,Arrests date,Police Involved?,2024 cfsr_ranking,FIRE spotlight_rating,University_match_status,University_name_changed,University_manual_anyyear_match,University_manual_anyyear_years,University_manual_note,University_manual_reviewed
1,American University,American University,No,,,,,,,,No,,,,,Not Applicable,,,matched_to_cfsr2025,0,,,,
2,Amherst College,Amherst College,No,,,,,,,,No,,,,,Not Applicable,195,Yellow,matched_to_cfsr2025,0,,,,
3,Appalachian State University,Appalachian State University,No,,,,,,,,No,,,,,Not Applicable,36,Green,matched_to_cfsr2025,0,,,,
4,Arizona State University-Tempe,Arizona State University,Yes,,4/26/2024,https://www.fox10phoenix.com/news/pro-palestinian-protesters-gather-on-arizona-state-universitys-tempe-campus,,,,,Yes,72.0,https://www.azcentral.com/story/news/local/tempe/2024/05/01/gaza-protests-who-was-arrested-at-asu/73523153007/,,4/27/24,Yes,77,Green,matched_to_cfsr2025,1,,,,reviewed_ok
5,Arkansas State University-Main Campus,Arkansas State University,No,,,https://www.arkansasonline.com/news/2024/mar/09/dozens-of-people-on-university-of-arkansas-campus/,,,,,No,,,,,Not Applicable,35,Yellow,matched_to_cfsr2025,1,,,,reviewed_ok
6,Auburn University,Auburn University,No,,,,,,,,No,,,,,Not Applicable,2,Green,matched_to_cfsr2025,0,,,,
7,Bard College,Bard College,Yes,Yes,5/8/2024,https://www.dailyfreeman.com/2024/05/08/student-activists-begin-pro-palestinian-encampment-at-bard-college/,,,,,No,,,,,No,200,Yellow,matched_to_cfsr2025,0,,,,
8,Barnard College,Barnard College,Yes,,4/19/2024,https://www.columbiaspectator.com/news/2024/04/23/over-100-faculty-members-protest-in-rally-to-support-our-students-and-reclaim-our-university/,,,,at columbia,Yes,217.0,same as Columbia,,various,Yes,164,Yellow,matched_to_cfsr2025,0,,,,
9,Bates College,Bates College,No,,,,,,,,No,,,,,Not Applicable,213,Red,matched_to_cfsr2025,0,,,,
10,Baylor University,Baylor University,No,,,,,,,,No,,,,,Not Applicable,Warning,Warning,no_cfsr2025_match_found,0,Baylor University,"2021, 2022, 2023, 2024","Exact match in CFSR, but no 2025 rows, so not usable for 2025 leaning-bin plot.",reviewed_no_2025_match
11,Berea College,Berea College,No,,,,,,,,No,,,,,Not Applicable,161,Yellow,matched_to_cfsr2025,0,,,,
12,Binghamton University,Binghamton University,Yes,Yes,5/2/2024,https://www.wskg.org/regional-news/2024-05-02/binghamton-university-students-set-up-pro-palestinian-encampment-molinaro-condemns-it,,,,,No,,,,,No,228,Yellow,matched_to_cfsr2025,0,,,,
13,Boise State University,Boise State University,No,,,,,,,encampment attempted off campus (at capitol?),No,,,,,Not Applicable,68,Yellow,matched_to_cfsr2025,0,,,,
14,Boston College,Boston College,No,,,https://www.bcheights.com/2024/04/26/bostoncollegecommunitymembers-gather-on-oneill-plaza-for-pro-palestine-protest/,,,,protest,No,,,,,No,229,Red,matched_to_cfsr2025,0,,,,
15,Boston University,Boston University,No,,,https://twitter.com/MaddieKhaw/status/1781367588099940470,,https://twitter.com/MaddieKhaw/status/1781367588099940470,,walkout on 4/19/24,No,,,,,No,152,Red,matched_to_cfsr2025,0,,,,
16,Bowdoin College,Bowdoin College,No,,,,,,,,No,,,,,Not Applicable,122,Yellow,matched_to_cfsr2025,0,,,,
17,Bowling Green State University-Main Campus,Bowling Green State University,No,,,,,,,,No,,,,,Not Applicable,203,Yellow,matched_to_cfsr2025,1,,,,reviewed_ok
18,Brandeis University,Brandeis University,No,,,,,,,,No,,,,,Not Applicable,138,Yellow,matched_to_cfsr2025,0,,,,
19,Brigham Young University,Brigham Young University,No,,,,,,,,No,,,,,Not Applicable,Warning,Warning,no_cfsr2025_match_found,0,Brigham Young University-Provo,"2020, 2021, 2022, 2023, 2024","Confident campus-specific match, but no 2025 rows, so not usable for 2025 leaning-bin plot.",reviewed_no_2025_match
20,Brown University,Brown University,Yes,,4/24/2024,https://www.chronicle.com/article/heres-where-student-protesters-are-demanding-divestment-from-israel,,https://x.com/the_herald/status/1783084293444493727?s=46,,,No,,,,,No,69,Yellow,matched_to_cfsr2025,0,,,,
21,Bucknell University,Bucknell University,No,,,,,,,,No,,,,,Not Applicable,104,Yellow,matched_to_cfsr2025,0,,,,
22,California Institute of Technology,California Institute of Technology,No,,,,,,,,No,,,,,Not Applicable,144,Red,matched_to_cfsr2025,0,,,,
23,California Polytechnic State University-San Luis Obispo,California Polytechnic State University,No,,,https://www.kcbx.org/central-coast-news/2024-05-24/pro-palestine-protestors-arrested-at-cal-poly-after-blocking-roadway,https://www.sanluisobispo.com/news/local/crime/article288690040.html,,,"8 arrested, but for protest, not encampment",No,,,,,Not Applicable,165,Yellow,matched_to_cfsr2025,1,,,,reviewed_ok
24,California State University-Fresno,"California State University, Fresno",No,,,,,,,,No,,,,,Not Applicable,92,Red,matched_to_cfsr2025,1,,,,reviewed_ok
25,California State University-Los Angeles,"California State University, Los Angeles",Yes,Yes,5/1/2024,,,https://twitter.com/PplsCityCouncil/status/1785794208923804012,,,No,,,,,No,33,Yellow,matched_to_cfsr2025,1,,,,reviewed_ok
26,Carleton College,Carleton College,Yes,Yes,5/9/2024,https://thecarletonian.com/19216/news/19216/,,,,,No,,,,,No,156,Red,matched_to_cfsr2025,0,,,,
27,Carnegie Mellon University,Carnegie Mellon University,No,,,,,,,,No,,,,,Not Applicable,23,Yellow,matched_to_cfsr2025,0,,,,
28,Case Western Reserve University,Case Western Reserve University,Yes,,4/29/2024,https://www.news5cleveland.com/news/local-news/police-break-up-anti-war-protest-encampment-on-case-western-reserve-university-campus,https://www.cleveland.com/education/2024/04/police-detain-more-than-20-students-during-protests-at-case-over-israeli-hamas-war.html,https://twitter.com/WorstLightskin/status/1784942884396924928,,"20 students detained, not arrested on 4/29",No,,,,,Yes,128,Red,matched_to_cfsr2025,0,,,,
29,Central Michigan University,Central Michigan University,No,,,,,,,,No,,,,,Not Applicable,236,Yellow,matched_to_cfsr2025,0,,,,
30,Chapman University,Chapman University,Yes,Yes,5/3/2024,https://abc7.com/chapman-university-students-set-up-pro-palestinian-encampment-on-campus/14758689/,,,,,No,,,,,No,199,Red,matched_to_cfsr2025,0,,,,
31,Claremont McKenna College,Claremont McKenna College,Yes,,4/26/2024,https://claremont-courier.com/schools/demonstrations-halt-claremont-colleges-alumni-festivities-77608/,,,,,No,,,,,No,73,Green,matched_to_cfsr2025,0,,,,
32,Clark University,Clark University,No,,,,,,,,No,,,,,Not Applicable,188,Red,matched_to_cfsr2025,0,,,,
33,Clarkson University,Clarkson University,No,,,,,,,,No,,,,,Not Applicable,71,Red,matched_to_cfsr2025,0,,,,
34,Clemson University,Clemson University,No,,,,,,,,No,,,,,Not Applicable,62,Yellow,matched_to_cfsr2025,0,,,,
35,Colby College,Colby College,No,,,,,,,,No,,,,,Not Applicable,139,Yellow,matched_to_cfsr2025,0,,,,
36,Colgate University,Colgate University,No,,,,,,,,No,,,,,Not Applicable,209,Red,matched_to_cfsr2025,0,,,,
37,College of Charleston,College of Charleston,No,,,,,,,,No,,,,,Not Applicable,34,Yellow,matched_to_cfsr2025,0,,,,
38,Colorado College,Colorado College,Yes,Yes,5/2/24,https://thecatalystnews.com/2024/05/02/live-updates-of-ongoing-protests-at-colorado-college/,,,,,No,,,,,No,175,Yellow,matched_to_cfsr2025,0,,,,
39,Colorado School of Mines,Colorado School of Mines,No,,,,,,,,No,,,,,Not Applicable,44,Yellow,matched_to_cfsr2025,0,,,,
40,Colorado State University-Fort Collins,Colorado State University,No,,,https://collegian.com/articles/news/2024/05/category-news-campus-protests-continue-calling-for-ceasefire-in-gaza/,,,,protests,No,,,,,Not Applicable,74,Yellow,matched_to_cfsr2025,1,,,,reviewed_ok
41,Columbia University in the City of New York,Columbia University,Yes,,4/19/2024,https://apnews.com/article/gaza-war-campus-protests-966eb531279f8e4381883fc5d79d5466,https://www.nytimes.com/2024/04/22/us/columbia-protests-encampment.html,https://twitter.com/BTnewsroom/status/1781008786850803775,,,Yes,217.0,https://www.nytimes.com/interactive/2024/us/pro-palestinian-college-protests-encampments.html,,various,Yes,214,Yellow,matched_to_cfsr2025,1,,,,reviewed_ok
42,Connecticut College,Connecticut College,No,,,,,,,,No,,,,,Not Applicable,180,Red,matched_to_cfsr2025,0,,,,
43,Cornell University,Cornell University,Yes,,4/25/2024,https://www.chronicle.com/article/heres-where-student-protesters-are-demanding-divestment-from-israel,,https://twitter.com/taliaotg/status/1783463225205407912,,,No,,,,,No,212,Yellow,matched_to_cfsr2025,0,,,,
44,Creighton University,Creighton University,No,,,,,,,,No,,,,,Not Applicable,191,Red,matched_to_cfsr2025,0,,,,
45,Dakota State University,Dakota State University,No,,,,,,,,No,,,,,Not Applicable,,,matched_to_cfsr2025,0,,,,
46,Dartmouth College,Dartmouth College,Yes,Yes,5/1/2024,https://www.concordmonitor.com/Where-Are-Dartmouth-Protesters-54930075,https://www.vnews.com/Dartmouth-protest-for-Palestine-amidst-greater-campus-upheaval-54888304,https://www.bostonglobe.com/2024/05/01/metro/before-pro-palestinian-encampent-begins-dartmouth-warns-students-they-could-be-expelled-participating/,,,Yes,89.0,"https://www.mynbc5.com/article/hanover-arrests-dartmouth-college-encampment/60722064#:~:text=HANOVER%2C%20N.H.%20%E2%80%94&text=pro%2DPalestinian%20demonstration.-,According%20to%20police%2C%20a%20total%20of%2089%20people%20were%20arrested,encampment%20on%20the%20Dartmouth%20lawn.&text=Advertisement-,Police%20said%20the%20protesters%20were%20taken%20into%20custody,issued%20repeated%20warnings%20to%20move.",Yes,5/1/24,Yes,240,Yellow,matched_to_cfsr2025,0,,,,
47,Davidson College,Davidson College,No,,,,,,,,No,,,,,Not Applicable,64,Yellow,matched_to_cfsr2025,0,,,,
48,Denison University,Denison University,No,,,,,,,,No,,,,,Not Applicable,170,Red,matched_to_cfsr2025,0,,,,
49,DePaul University,DePaul University,Yes,,4/30/2024,https://www.nbcchicago.com/news/local/depaul-joins-nationwide-pro-palestinian-college-protests-encampment-continues-university-chicago/3424943/,,,,"2 arrested after, but not from encampment",No,,,,,No,65,Yellow,matched_to_cfsr2025,0,,,,
50,DePauw University,DePauw University,No,,,,,,,,No,,,,,Not Applicable,41,Green,matched_to_cfsr2025,0,,,,
51,Drexel University,Drexel University,Yes,Yes,5/18/2024,https://www.fox29.com/news/pro-palestinian-protesters-set-encampment-at-drexel-university-in-2nd-night-of-chaos,https://drexel.edu/president/messages/message/2024/May/Ending-the-Encampment-on-Drexel-Campus,https://www.inquirer.com/news/philadelphia/protest-drexel-campus-palestine-penn-university-city-20240518.html,,protest,No,,,,,No,91,Red,matched_to_cfsr2025,0,,,,
52,Duke University,Duke University,No,,,https://www.dukechronicle.com/article/2024/04/duke-university-israel-hamas-war-encampments-protests-on-college-campuses-student-arrests-oct-7th-attacks-comparison,,,,protest,No,,,,,No,124,Green,matched_to_cfsr2025,0,,,,
53,Duquesne University,Duquesne University,No,,,,,,,,No,,,,,Not Applicable,241,Yellow,matched_to_cfsr2025,0,,,,
54,East Carolina University,East Carolina University,No,,,,,,,,No,,,,,Not Applicable,24,Green,matched_to_cfsr2025,0,,,,
55,Eastern Kentucky University,Eastern Kentucky University,No,,,,,,,,No,,,,,Not Applicable,15,Green,matched_to_cfsr2025,0,,,,
56,Eastern Michigan University,Eastern Michigan University,No,,,,,,,,No,,,,,Not Applicable,95,Yellow,matched_to_cfsr2025,0,,,,
57,Emory University,Emory University,Yes,,4/25/2024,https://www.chronicle.com/article/heres-where-student-protesters-are-demanding-divestment-from-israel,https://mondoweiss.net/2024/04/we-are-occupying-emory-university-to-demand-immediate-divestment-from-israel-and-cop-city/,https://www.instagram.com/p/C6L1WkLub56/?igsh=MTdtbHpjaHY3N2M5OQ==,,In link 2 they say that these students are gathered througth Atlanta,Yes,28.0,"https://www.fox5atlanta.com/news/emory-protests-review-pro-palestine-rally-arrests-gaza#:~:text=During%20the%20chaos%2C%20police%20arrested,by%20Georgia%20State%20Patrol%20Troopers.&text=In%20the%20days%20following%20the%20arrest%2C%20Emory%20President%20Gregory%20L.",,4/25/24,Yes,202,Green,matched_to_cfsr2025,0,,,,
58,Florida International University,Florida International University,No,,,https://www.algemeiner.com/2024/04/19/police-stop-anti-zionist-agitators-accessing-florida-university-presidents-home-students-revolt-nationwide/,4/19/2024,,,protest,No,,,,,Yes,46,Yellow,matched_to_cfsr2025,0,,,,
59,Florida State University,Florida State University,Yes,,4/30/2024,https://www.tallahassee.com/story/news/local/fsu-news/2024/04/25/students-protest-at-fsu-during-nations-college-campus-encampments/73452131007/,https://www.tallahassee.com/story/news/politics/2024/04/30/pro-palestinian-protesters-arrested-at-fsu-other-florida-campuses/73516465007/,https://twitter.com/TallySDS/status/1783466310812184953,,,Yes,5.0,https://www.tallahassee.com/story/news/politics/2024/04/30/pro-palestinian-protesters-arrested-at-fsu-other-florida-campuses/73516465007/,,4/30/24,Yes,5,Green,matched_to_cfsr2025,0,,,,
60,Fordham University,Fordham University,Yes,,4/26/2024,https://fordhamobserver.com/76480/recent/news/breaking-fordham-sjp-begins-gaza-solidarity-encampment/,https://nypost.com/2024/05/01/us-news/anti-israel-university-protests-live-updates-latest-news-from-columbia-more-colleges/,https://www.nbcnewyork.com/news/local/pro-palestinian-encampment-set-up-inside-fordham-at-lincoln-center-campus/5373755/,,,Yes,15.0,https://www.nbcnewyork.com/news/local/pro-palestinian-encampment-set-up-inside-fordham-at-lincoln-center-campus/5373755/,Yes,5/1/24,Yes,244,Red,matched_to_cfsr2025,0,,,,
61,Franklin and Marshall College,Franklin and Marshall College,No,,,,,,,,No,,,,,Not Applicable,219,Yellow,matched_to_cfsr2025,0,,,,
62,Furman,Furman University,No,,,,,,,,No,,,,,Not Applicable,163,Red,matched_to_cfsr2025,1,,,,reviewed_ok
63,George Mason University,George Mason University,No,,,https://www.chronicle.com/article/heres-where-student-protesters-are-demanding-divestment-from-israel,4/25/2024,https://twitter.com/Sprinterfactory/status/1783763516266357221,,with GWU,No,,,,,No,8,Green,matched_to_cfsr2025,0,,,,
64,George Washington University,George Washington University,Yes,,4/25/2024,https://www.chronicle.com/article/heres-where-student-protesters-are-demanding-divestment-from-israel,https://gwhatchet.com/2024/04/29/with-barricades-overrun-encampment-marches-into-day-five/,https://twitter.com/Sprinterfactory/status/1783763516266357221,https://twitter.com/rquealy17/status/1783450204231893115,,Yes,33.0,https://apnews.com/article/campus-protests-george-washington-encampment-eac5c1cc396551bee1b110b48a94aefd,Yes,5/8/24,Yes,185,Yellow,matched_to_cfsr2025,0,,,,
65,Georgetown University,Georgetown University,No,,,https://www.chronicle.com/article/heres-where-student-protesters-are-demanding-divestment-from-israel,4/25/2024,https://twitter.com/PAME_Greece/status/1783786213679226952,,with GWU; walkout/protest,No,,,,,No,245,Red,matched_to_cfsr2025,0,,,,
66,Georgia Institute of Technology-Main Campus,Georgia Institute of Technology,No,,,https://www.11alive.com/article/news/nation-world/israel-hamas-conflict/atlanta-georgia-tech-kennesaw-state-pro-palestinian-rallies-walkouts-planned/85-240ea122-820a-4815-a46f-839201d6a5f5,4/24/2024,,,protest,No,,,,,No,27,Green,matched_to_cfsr2025,1,,,,reviewed_ok
67,Georgia State University,Georgia State University,No,,,,,,,,No,,,,,Not Applicable,119,Yellow,matched_to_cfsr2025,0,,,,
68,Gettysburg College,Gettysburg College,No,,,,,,,,No,,,,,Not Applicable,217,Yellow,matched_to_cfsr2025,0,,,,
69,Grinnell College,Grinnell College,No,,,,,,,,No,,,,,Not Applicable,226,Red,matched_to_cfsr2025,0,,,,
70,Hamilton College,Hamilton College,No,,,,,,,,No,,,,,Not Applicable,131,Yellow,matched_to_cfsr2025,0,,,,
71,Harvard University,Harvard University,Yes,,4/24/2024,https://www.chronicle.com/article/heres-where-student-protesters-are-demanding-divestment-from-israel,,https://twitter.com/joycekim324/status/1783174818977726714,,,No,,,,,No,248,Yellow,matched_to_cfsr2025,0,,,,
72,Harvey Mudd College,Harvey Mudd College,Yes,,4/26/2024,https://claremont-courier.com/schools/demonstrations-halt-claremont-colleges-alumni-festivities-77608/,,,,,No,,,,,No,179,Yellow,matched_to_cfsr2025,0,,,,
73,Haverford College,Haverford College,Yes,,4/26/2024,https://www.inquirer.com/education/palestine-protests-encampments-upenn-haverford-20240426.html,,,,,No,,,,,No,208,Red,matched_to_cfsr2025,0,,,,
74,Hillsdale College,Hillsdale College,No,,,,,,,,No,,,,,Not Applicable,Warning,Warning,no_cfsr2025_match_found,0,Hillsdale College,"2021, 2022, 2023, 2024","Exact match in CFSR, but no 2025 rows, so not usable for 2025 leaning-bin plot.",reviewed_no_2025_match
75,Howard University,Howard University,No,,,https://www.washingtonian.com/2024/04/25/dc-area-college-students-protest-gaza-war-at-george-washington-university-encampment/,4/25/2024,,,involved with GW encampment,No,,,,,No,85,Red,matched_to_cfsr2025,0,,,,
76,Illinois Institute of Technology,Illinois Institute of Technology,No,,,,,,,,No,,,,,Not Applicable,42,Red,matched_to_cfsr2025,0,,,,
77,Illinois State University,Illinois State University,Yes,,4/30/24,https://www.wglt.org/local-news/2024-04-30/isu-students-set-up-pro-palestinian-tent-encampment-on-quad,,,,students arrested for sit in after meeting with univ. president,No,,,,,No,110,Yellow,matched_to_cfsr2025,0,,,,
78,Indiana University-Bloomington,Indiana University,Yes,,4/25/2024,https://www.chronicle.com/article/heres-where-student-protesters-are-demanding-divestment-from-israel,https://thedepauw.com/police-authorities-arrest-34-pro-palestinian-protestors-at-iu-bloomington/,https://x.com/andrew_mmiller/status/1783511148278485218,,,Yes,57.0,"https://fox59.com/indiana-news/detailed-breakdown-high-tensions-policy-confusion-led-to-protestor-clash-at-indiana-university/#:~:text=In%20total%2C%2057%20protestors%20would,versus%20lawful%20and%20safe%20assembly.",,various,Yes,225,Yellow,matched_to_cfsr2025,1,,,,reviewed_ok
79,Indiana University Purdue University,Indiana University Purdue University,Yes,Yes,5/2/2024,https://www.thecampuscitizen.com/article/2024/05/iupui-students-set-up-encampment-following-movement-of-universities-across-the-u-s,,,,,No,,,,,No,54,Yellow,no_cfsr2025_match_found,0,Indiana University Purdue University Indianapolis,2023,"Confident IUPUI/Indianapolis match, but no 2025 rows, so not usable for 2025 leaning-bin plot.",reviewed_no_2025_match
80,Iowa State University,Iowa State University,No,,,,,,,,No,,,,,Not Applicable,45,Yellow,matched_to_cfsr2025,0,,,,
81,James Madison University,James Madison University,No,,,,,,,,No,,,,,Not Applicable,26,Yellow,matched_to_cfsr2025,0,,,,
82,Johns Hopkins University,Johns Hopkins University,Yes,,4/29/2024,https://www.cbsnews.com/baltimore/news/pro-palestinian-protesters-chant-sing-despite-being-told-to-leave-at-johns-hopkins-university/,https://www.wypr.org/wypr-news/2024-04-25/johns-hopkins-students-join-nationwide-protests-for-palestine-liberation,,,,No,,,,,No,58,Yellow,matched_to_cfsr2025,0,,,,
83,Kansas State University,Kansas State University,No,,,,,,,,No,,,,,Not Applicable,18,Green,matched_to_cfsr2025,0,,,,
84,Kent State University at Kent,Kent State University,No,,,,,,,,No,,,,,Not Applicable,113,Yellow,matched_to_cfsr2025,1,,,,reviewed_ok
85,Kenyon College,Kenyon College,No,,,,,,,,No,,,,,Not Applicable,70,Yellow,matched_to_cfsr2025,0,,,,
86,Knox College,Knox College,No,,,,,,,,No,,,,,Not Applicable,137,Yellow,matched_to_cfsr2025,0,,,,
87,Lafayette College,Lafayette College,No,,,,,,,,No,,,,,Not Applicable,218,Red,matched_to_cfsr2025,0,,,,
88,Lehigh University,Lehigh University,No,,,,,,,,No,,,,,Not Applicable,148,Red,matched_to_cfsr2025,0,,,,
89,Liberty University,Liberty University,No,,,,,,,,No,,,,,Not Applicable,Warning,Warning,no_cfsr2025_match_found,0,Liberty University,"2023, 2024","Exact match in CFSR, but no 2025 rows, so not usable for 2025 leaning-bin plot.",reviewed_no_2025_match
90,Louisiana State University and Agricultural & Mechanical College,Louisiana State University,No,,,https://www.lsureveille.com/news/lsu-students-hold-die-in-for-gaza-to-encourage-lsu-louisiana-to-withdraw-support-of/article_a049228c-04b8-11ef-b283-438e84187066.html,4/25/2024,,,protest,No,,,,,No,140,Red,matched_to_cfsr2025,1,,,,reviewed_ok
91,Loyola University Chicago,"Loyola University, Chicago",No,,,https://loyolaphoenix.com/2024/04/loyola-students-protest-the-universitys-investments-in-genocidal-corporations/,4/22/2024,,,protest,No,,,,,No,193,Red,matched_to_cfsr2025,1,,,,reviewed_ok
92,Macalester College,Macalester College,No,,,,,,,,No,,,,,Not Applicable,211,Red,matched_to_cfsr2025,0,,,,
93,Marquette University,Marquette University,No,,,,,,,,No,,,,,Not Applicable,230,Red,matched_to_cfsr2025,0,,,,
94,Massachusetts Institute of Technology,Massachusetts Institute of Technology,Yes,,4/21/2024,https://www.chronicle.com/article/heres-where-student-protesters-are-demanding-divestment-from-israel,,https://twitter.com/still_francesca/status/1782214888296730934,,,Yes,10.0,https://www.nytimes.com/2024/05/09/us/mit-police-protesters-arrests.html,Yes,5/10/24,Yes,136,Yellow,matched_to_cfsr2025,0,,,,
95,Miami University-Oxford,Miami University,Yes,Yes,5/2/2024,https://www.journal-news.com/news/miami-university-students-start-pro-palestine-encampment-on-oxford-campus/PZFNJ45BVFB4JMVRBDFHLYDHNY/,,https://twitter.com/OHIOStudents/status/1781362090009108830,,,No,,,,,No,102,Yellow,matched_to_cfsr2025,1,,,,reviewed_ok
96,Michigan State University,Michigan State University,Yes,,4/25/2024,https://www.chronicle.com/article/heres-where-student-protesters-are-demanding-divestment-from-israel,https://www.bridgemi.com/talent-education/pro-palestinian-protests-spread-michigan-state-amid-nationwide-arrests,https://twitter.com/ScheerTheoJRN/status/1783485778607091864,,,No,,,,,No,159,Yellow,matched_to_cfsr2025,0,,,,
97,Michigan Technological University,Michigan Technological University,No,,,,,,,,No,,,,,Not Applicable,1,Green,matched_to_cfsr2025,0,,,,
98,Middlebury College,Middlebury College,Yes,,4/28/2024,https://vtdigger.org/2024/04/28/pro-palestinian-protest-encampments-spring-up-at-the-university-of-vermont-middlebury-college/,,,,,No,,,,,No,233,Red,matched_to_cfsr2025,0,,,,
99,Mississippi State University,Mississippi State University,No,,,,,,,,No,,,,,Not Applicable,14,Green,matched_to_cfsr2025,0,,,,
100,Missouri State University-Springfield,Missouri State University,No,,,,,,,,No,,,,,Not Applicable,112,Yellow,matched_to_cfsr2025,1,,,,reviewed_ok
101,Montana State University,Montana State University,No,,,,,,,,No,,,,,Not Applicable,142,Yellow,matched_to_cfsr2025,0,,,,
102,Montclair State University,Montclair State University,No,,,,,,,,No,,,,,Not Applicable,90,Yellow,matched_to_cfsr2025,0,,,,
103,Mount Holyoke College,Mount Holyoke College,No,,,,,,,,No,,,,,Not Applicable,155,Red,matched_to_cfsr2025,0,,,,
104,New Jersey Institute of Technology,New Jersey Institute of Technology,No,,,,,,,,No,,,,,Not Applicable,25,Yellow,matched_to_cfsr2025,0,,,,
105,New Mexico State University-Main Campus,New Mexico State University,Yes,,4/29/2024,https://nmsuroundup.com/25161/news/breaking-pro-palestine-rally-and-encampment-demands-ceasefire-lists-demands-for-nmsu-officials/,,https://twitter.com/LC4Palestine/status/1785071458206548158,,,Yes,13.0,https://www.lcsun-news.com/story/news/local/2024/05/09/protesters-arrested-after-sit-in-on-new-mexico-state-university/73636223007/,Yes,5/9/24,Yes,32,Yellow,matched_to_cfsr2025,1,,,,reviewed_ok
106,New York University,New York University,Yes,,4/22/2024,https://www.chronicle.com/article/heres-where-student-protesters-are-demanding-divestment-from-israel,https://www.nytimes.com/2024/04/22/us/campus-protests-arrests.html,https://www.amny.com/news/nyu-students-encampment-palestine-april-26-2024/,,,Yes,37.0,https://www.nytimes.com/interactive/2024/us/pro-palestinian-college-protests-encampments.html,,various,Yes,224,Yellow,matched_to_cfsr2025,0,,,,
107,North Carolina State University at Raleigh,North Carolina State University,No,,,https://abc11.com/one-demonstrator-arrested-at-nc-state-during-palestinian-protest/14748560/,,https://twitter.com/Braxtonbrew96/status/1781345497120161996,,"1 arrested from protest, but not encampment",No,,,,,Not Applicable,11,Green,matched_to_cfsr2025,1,,,,reviewed_ok
108,North Dakota State University-Main Campus,North Dakota State University,No,,,,,,,,No,,,,,Not Applicable,53,Yellow,matched_to_cfsr2025,1,,,,reviewed_ok
109,Northeastern Illinois University,Northeastern Illinois University,No,,,,,,,,No,,,,,Not Applicable,,,matched_to_cfsr2025,0,,,,
110,Northeastern University,Northeastern University,Yes,,4/25/2024,https://www.chronicle.com/article/heres-where-student-protesters-are-demanding-divestment-from-israel,,https://twitter.com/HuntNewsNU/status/1783489982788665599,,,Yes,98.0,"https://news.northeastern.edu/facts-about-the-encampment-on-northeastern-universitys-boston-campus/#:~:text=According%20to%20the%20official%20police,are%20not%20affiliated%20with%20Northeastern.",,4/27/24,Yes,198,Red,matched_to_cfsr2025,0,,,,
111,Northern Arizona University,Northern Arizona University,Yes,,4/30/24,https://www.knau.org/knau-and-arizona-news/2024-05-01/law-enforcement-dismantle-encampment-on-nau-campus-about-20-arrested,,,,protest,Yes,24.0,"https://www.knau.org/knau-and-arizona-news/2024-05-01/law-enforcement-dismantle-encampment-on-nau-campus-about-20-arrested#:~:text=Police%20in%20riot%20gear%20dismantled,for%20trespassing%2C%20including%2022%20students.",,4/30/24,Yes,16,Green,matched_to_cfsr2025,0,,,,
112,Northwestern University,Northwestern University,Yes,,4/25/2024,https://www.chronicle.com/article/heres-where-student-protesters-are-demanding-divestment-from-israel,,https://twitter.com/thedailynu/status/1783470066446553091,,arrested/charged months after the protest,Yes,4.0,https://chicago.suntimes.com/israel-hamas-war/2024/07/18/northwestern-university-police-arrest-educators-pro-palestinian-encampment,Yes,7/18/24,Yes,242,Red,matched_to_cfsr2025,0,,,,
113,Oberlin College,Oberlin College,Yes,,4/29/2024,https://chroniclet.com/news/389475/over-a-hundred-students-gather-in-encampment-at-oberlin-college-to-protest-israel-hamas-war/,,https://twitter.com/lycheegirl22/status/1784990470529278197,,,No,,,,,No,75,Yellow,matched_to_cfsr2025,0,,,,
114,Occidental College,Occidental College,Yes,,4/29/2024,,,https://twitter.com/promise__li/status/1784946383243694159,,,No,,,,,No,123,Yellow,matched_to_cfsr2025,0,,,,
115,Ohio State University-Main Campus,Ohio State University,Yes,,4/25/2024,https://www.chronicle.com/article/heres-where-student-protesters-are-demanding-divestment-from-israel,,https://www.instagram.com/reel/C6LpO3xOKBZ/?igsh=bHZ5NmFqMTR3eHo4,,,Yes,41.0,https://cwcolumbus.com/news/local/osu-ohio-state-campus-columbus-ohio-south-oval-protests-arrest-this-week-police-palestine-court-arraignment-hana-el-nemr-yousuf-munir-sumaya-hamadmad,,various,Yes,52,Yellow,matched_to_cfsr2025,1,,,,reviewed_ok
116,Ohio University-Main Campus,Ohio University,No,,,,,,,,No,,,,,Not Applicable,56,Yellow,matched_to_cfsr2025,1,,,,reviewed_ok
117,Oklahoma State University-Main Campus,Oklahoma State University,No,,,,,,,,No,,,,,Not Applicable,48,Yellow,matched_to_cfsr2025,1,,,,reviewed_ok
118,Oregon State University,Oregon State University,Yes,Yes,5/15/2024,https://www.registerguard.com/story/news/education/2024/05/15/pro-palestinian-encampment-oregon-state-university/73702145007/,,,,,No,,,,,No,4,Green,matched_to_cfsr2025,0,,,,
119,Pennsylvania State University-Main Campus,Pennsylvania State University,No,,,https://www.chronicle.com/article/heres-where-student-protesters-are-demanding-divestment-from-israel,4/25/2024,https://www.instagram.com/p/C6JkHJsu7mm/,,protest,No,,,,,No,189,Yellow,matched_to_cfsr2025,1,,,,reviewed_ok
120,Pepperdine University,Pepperdine University,No,,,,,,,,No,,,,,Not Applicable,Warning,Warning,no_cfsr2025_match_found,0,Pepperdine University,"2021, 2022, 2023, 2024","Exact match in CFSR, but no 2025 rows, so not usable for 2025 leaning-bin plot.",reviewed_no_2025_match
121,Pitzer College,Pitzer College,Yes,,4/26/2024,https://claremont-courier.com/schools/demonstrations-halt-claremont-colleges-alumni-festivities-77608/,,,,arrests two weeks ago,No,,,,,No,108,Yellow,matched_to_cfsr2025,0,,,,
122,Pomona College,Pomona College,Yes,,4/26/2024,https://claremont-courier.com/schools/demonstrations-halt-claremont-colleges-alumni-festivities-77608/,https://www.dailybulletin.com/2024/05/06/pomona-college-students-build-new-encampment-one-month-after-protest-led-to-arrests/,,,,No,,,,,No,177,Yellow,matched_to_cfsr2025,0,,,,
123,Portland State University,Portland State University,Yes,,4/25/2024,https://www.chronicle.com/article/heres-where-student-protesters-are-demanding-divestment-from-israel,https://www.koin.com/news/oregon/gaza-protests-portland-state-university-04292024/,https://twitter.com/TheRealCoryElia/status/1783705263809458634,,,Yes,31.0,https://www.koin.com/news/protests/about-20-of-arrested-psu-protesters-were-students/,Yes,5/2/24,Yes,232,Red,matched_to_cfsr2025,0,,,,
124,Princeton University,Princeton University,Yes,,4/25/2024,https://www.chronicle.com/article/heres-where-student-protesters-are-demanding-divestment-from-israel,https://www.dailyprincetonian.com/article/2024/04/princeton-news-adpol-gaza-solidarity-encampment-launches-mccosh-courtyard,,,,Yes,15.0,https://paw.princeton.edu/article/21-days-protest-pro-palestinian-encampment-occupation-and-arrests,,various,Yes,187,Red,matched_to_cfsr2025,0,,,,
125,Purdue University-Main Campus,Purdue University,Yes,,4/25/2024,https://www.chronicle.com/article/heres-where-student-protesters-are-demanding-divestment-from-israel,https://www.aol.com/news/pro-palestinian-protesters-rally-purdue-162334214.html,https://www.instagram.com/p/C6MmLhLpH9z/?igsh=MTRlYXZuemh2ZmJmOA==,,,No,,,,,No,30,Green,matched_to_cfsr2025,1,,,,reviewed_ok
126,Rensselaer Polytechnic Institute,Rensselaer Polytechnic Institute,No,,,,,,,,No,,,,,Not Applicable,223,Red,matched_to_cfsr2025,0,,,,
127,Rice University,Rice University,Yes,,4/23/2024,https://www.chronicle.com/article/heres-where-student-protesters-are-demanding-divestment-from-israel,,https://www.instagram.com/p/C6FRFu6pxtB/?img_index=1,,,No,,,,,No,158,Red,matched_to_cfsr2025,0,,,,
128,Rowan University,Rowan University,No,,,,,,,,No,,,,,Not Applicable,50,Yellow,matched_to_cfsr2025,0,,,,
129,Rutgers University-New Brunswick,Rutgers University,Yes,,4/29/2024,https://www.northjersey.com/story/news/education/2024/04/29/rutgers-students-encampment-protest-israel-campaign-gaza/73504283007/,https://www.cbsnews.com/newyork/video/pro-palestinian-encampment-set-up-at-rutgers-university/,https://twitter.com/sfmcguire79/status/1781386850034155839,,,No,,,,,No,120,Yellow,matched_to_cfsr2025,1,,,,reviewed_ok
130,Saint Louis University,Saint Louis University,No,,,,,,,protest,No,,,,,Not Applicable,Warning,Warning,no_cfsr2025_match_found,0,Saint Louis University,"2021, 2022, 2023, 2024","Exact match in CFSR, but no 2025 rows, so not usable for 2025 leaning-bin plot.",reviewed_no_2025_match
131,San Diego State University,San Diego State University,No,,,,,,,,No,,,,,Not Applicable,206,Yellow,matched_to_cfsr2025,0,,,,
132,San Jose State University,San Jose State University,Yes,Yes,5/13/2024,https://sanjosespotlight.com/san-jose-state-university-sjsu-students-stage-protest-and-call-for-divestment-israel-hamas-war/,,,,,No,,,,,No,186,Yellow,matched_to_cfsr2025,0,,,,
133,Santa Clara University,Santa Clara University,No,,,,,,,,No,,,,,Not Applicable,192,Red,matched_to_cfsr2025,0,,,,
134,Scripps College,Scripps College,Yes,,4/26/2024,https://claremont-courier.com/schools/demonstrations-halt-claremont-colleges-alumni-festivities-77608/,,,,,No,,,,,No,127,Yellow,matched_to_cfsr2025,0,,,,
135,Skidmore College,Skidmore College,No,,,,,,,,No,,,,,Not Applicable,243,Red,matched_to_cfsr2025,0,,,,
136,Smith College,Smith College,No,,,,,,,,No,,,,,Not Applicable,168,Yellow,matched_to_cfsr2025,0,,,,
137,Southern Illinois University-Carbondale,"Southern Illinois University, Carbondale",No,,,,,,,,No,,,,,Not Applicable,81,Red,matched_to_cfsr2025,1,,,,reviewed_ok
138,Southern Illinois University-Edwardsville,"Southern Illinois University, Edwardsville",No,,,,,,,,No,,,,,Not Applicable,162,Red,matched_to_cfsr2025,1,,,,reviewed_ok
139,Southern Methodist University,Southern Methodist University,No,,,,,,,,No,,,,,Not Applicable,98,Yellow,matched_to_cfsr2025,0,,,,
140,Stanford University,Stanford University,Yes,,4/22/2024,https://www.chronicle.com/article/heres-where-student-protesters-are-demanding-divestment-from-israel,,https://www.instagram.com/p/C5_8Emhy62N/?igsh=aW1mcTVhb2s0czgx,,,Yes,13.0,https://apnews.com/article/campus-protests-stanford-israel-gaza-f1ec47dcac1b55839e96b5442ebcf00d,Yes,6/5/24,Yes,207,Yellow,matched_to_cfsr2025,0,,,,
141,Stevens Institute of Technology,Stevens Institute of Technology,No,,,,,,,,No,,,,,Not Applicable,116,Red,matched_to_cfsr2025,0,,,,
142,Stony Brook University,Stony Brook University,Yes,,4/30/2024,https://longisland.news12.com/sbu-officials-29-people-arrested-on-campus-as-students-hold-pro-palestinian-protest,,https://twitter.com/zubkbr/status/1785280462425874582,,,Yes,29.0,https://longisland.news12.com/students-at-stony-brook-university-take-part-in-pro-palestinian-protest,Yes,5/1/24,Yes,67,Yellow,matched_to_cfsr2025,0,,,,
143,SUNY at Albany,SUNY at Albany,No,,,https://twitter.com/BTnewsroom/status/1785051159767433436,,,,protest,No,,,,,No,190,Yellow,matched_to_cfsr2025,0,,,,
144,SUNY College at Geneseo,SUNY College at Geneseo,No,,,,,,,,No,,,,,Not Applicable,194,Yellow,matched_to_cfsr2025,0,,,,
145,Swarthmore College,Swarthmore College,Yes,,4/23/2024,https://www.chronicle.com/article/heres-where-student-protesters-are-demanding-divestment-from-israel,,https://www.instagram.com/p/C6FtB86OWY9/?img_index=3,,,No,,,,,No,118,Yellow,matched_to_cfsr2025,0,,,,
146,Syracuse University,Syracuse University,Yes,,4/29/2024,https://dailyorange.com/2024/04/live-student-encampment-syracuse-quad-demanding-gaza-ceasefire/,,https://twitter.com/bombilfry_/status/1784968782705807408,,"two extraneous arrests ... convicted killer hiding in encampment, and parent in verbal altercation with students in encampment",No,,,,,No,107,Yellow,matched_to_cfsr2025,0,,,,
147,Temple University,Temple University,No,,,https://www.fox29.com/news/temple-penn-princeton-join-growing-list-of-pro-palestinian-protests,4/25/2024,,,protest,No,,,,,No,96,Yellow,matched_to_cfsr2025,0,,,,
148,Texas A & M University-College Station,Texas A&M University,No,,,,,,,,No,,,,,Not Applicable,7,Green,matched_to_cfsr2025,1,,,,reviewed_ok
149,Texas State University,Texas State University,No,,,,,,,,No,,,,,Not Applicable,100,Yellow,matched_to_cfsr2025,0,,,,
150,Texas Tech University,Texas Tech University,No,,,,,,,,No,,,,,Not Applicable,40,Yellow,matched_to_cfsr2025,0,,,,
151,College of William and Mary,The College of William and Mary,No,,,,,,,,No,,,,,Not Applicable,59,Green,matched_to_cfsr2025,1,,,,reviewed_ok
152,Towson University,Towson University,No,,,https://thetowerlight.com/students-rally-for-tu-divestment-from-israel-as-sga-considers-resolution/,4/25/2024,,,protest,No,,,,,No,80,Yellow,matched_to_cfsr2025,0,,,,
153,Trinity College,Trinity College,Yes,Yes,5/1/2024,https://trinitytripod.com/news/live-updates-trinity-students-begin-encampment-demand-divestment-on-main-quad/,,,,,No,,,,,No,166,Yellow,matched_to_cfsr2025,0,,,,
154,Tufts University,Tufts University,Yes,,4/22/2024,https://www.chronicle.com/article/heres-where-student-protesters-are-demanding-divestment-from-israel,,https://twitter.com/DSAWorkingMass/status/1782584292889034913,,,No,,,,,No,183,Red,matched_to_cfsr2025,0,,,,
155,Tulane University of Louisiana,Tulane University,Yes,,4/29/2024,https://tulanehullabaloo.com/66086/news/police-evacuate-buildings-make-arrests-as-palestine-encampment-starts-at-tulane/,,,,,Yes,26.0,https://www.nytimes.com/interactive/2024/us/pro-palestinian-college-protests-encampments.html,,various,Yes,238,Red,matched_to_cfsr2025,1,,,,reviewed_ok
156,University at Buffalo,University at Buffalo,Yes,,5/1/2024,https://www.ubspectrum.com/article/2024/05/a-timeline-of-the-attempted-pro-palestine-encampment-outside-hochstetter-hall,https://www.wivb.com/news/ub-students-react-to-tensions-on-campus-amid-israel-hamas-war/,,,,Yes,15.0,https://www.wgrz.com/article/news/crime/arrests-protests-university-buffalo-north-campus/71-43ca25d3-2fa7-4803-abac-8d56ba560ebb,Yes,5/1/24,Yes,22,Yellow,matched_to_cfsr2025,0,,,,
157,University of Alabama at Birmingham,"University of Alabama, Birmingham",No,,,,,,,,No,,,,,Not Applicable,43,Yellow,matched_to_cfsr2025,1,,,,reviewed_ok
158,University of Alabama in Huntsville,"University of Alabama, Huntsville",No,,,,,,,,No,,,,,Not Applicable,72,Yellow,matched_to_cfsr2025,1,,,,reviewed_ok
159,The University of Alabama,"University of Alabama, Tuscaloosa",No,,,,,,,,No,,,,,Not Applicable,154,Yellow,matched_to_cfsr2025,1,,,,reviewed_ok
160,University of Alaska Anchorage,University of Alaska,No,,,,,,,,No,,,,,Not Applicable,210,Red,matched_to_cfsr2025,1,,,,reviewed_ok
161,University of Arizona,University of Arizona,Yes,,4/25/2024,https://fronterasdesk.org/content/1878518/university-arizona-encampment-calls-gaza-ceasefire-divestment-companies-tied-israel,https://www.azpm.org/p/headlines/2024/4/30/220085-ua-liberation-zone-encampment-disbands-after-two-police-warnings/,https://www.azpm.org/p/headlines/2024/5/1/220108-law-enforcement-storms-encampment-on-university-of-arizona-campus/,https://twitter.com/elliew0lfe/status/1783566624706183497,2 additional arrests 5/9/24 (total now 6) https://www.kold.com/2024/05/10/palestinian-supporters-again-protest-university-arizona-campus/,Yes,6.0,https://www.kgun9.com/news/local-news/ua-president-robbins-4-arrested-two-students-and-two-non-students-at-protest,,5/1/24,Yes,84,Green,matched_to_cfsr2025,0,,,,
162,University of Arkansas,University of Arkansas,No,,,,,,,,No,,,,,Not Applicable,101,Yellow,matched_to_cfsr2025,0,,,,
163,University of California-Berkeley,"University of California, Berkeley",Yes,,4/22/2022,https://www.chronicle.com/article/heres-where-student-protesters-are-demanding-divestment-from-israel,https://abc7news.com/uc-berkeley-students-set-up-free-palestine-encampment-on-campus/14719976/,https://twitter.com/NationalSJP/status/1782510646547849511,,,Yes,12.0,https://www.nytimes.com/live/2024/05/16/us/college-campus-protests#berkeley-arrests,Yes,5/16/24,Yes,147,Yellow,matched_to_cfsr2025,1,,,,reviewed_ok
164,University of California-Davis,"University of California, Davis",Yes,Yes,5/6/2024,https://www.abc10.com/article/news/local/protests/pro-palestinian-encampment-established-uc-davis-campus/103-c755e7b8-3888-4a7a-9885-6556924eedf1,https://www.capradio.org/articles/2024/05/10/uc-davis-pro-palestinian-encampment-continues-demonstrators-call-for-specific-changes-from-chancellor/,,,,No,,,,,No,237,Yellow,matched_to_cfsr2025,1,,,,reviewed_ok
165,University of California-Irvine,"University of California, Irvine",Yes,,4/29/2024,https://ktla.com/news/california/pro-palestinian-protest-encampment-grows-at-uc-irvine/,https://twitter.com/RankandFileUCI/status/1784951939551391950,https://twitter.com/teeheetummytums/status/1783570966796464200,,,Yes,47.0,https://www.latimes.com/california/story/2024-05-15/police-converge-on-pro-palestinian-protest-at-uc-irvine-students-are-told-to-shelter-in-place,Yes,5/16/24,Yes,150,Yellow,matched_to_cfsr2025,1,,,,reviewed_ok
166,University of California-Los Angeles,"University of California, Los Angeles",Yes,,4/25/2024,https://www.chronicle.com/article/heres-where-student-protesters-are-demanding-divestment-from-israel,https://www.cnn.com/2024/06/11/us/ucla-campus-palestine-protests-arrests/index.html,https://twitter.com/TeresaWatanabe/status/1783523279707550150,,arrests made at two different times. Count is total,Yes,271.0,https://www.latimes.com/california/story/2024-05-01/la-me-ucla-camp-police,Yes,5/1/24,Yes,169,Green,matched_to_cfsr2025,1,,,,reviewed_ok
167,University of California-Merced,"University of California, Merced",Yes,Yes,5/12/2024,https://sjvsun.com/news/merced/pro-palestine-protesters-crash-uc-merced-after-commencement-ceremony/,,,,,No,,,,,No,61,Yellow,matched_to_cfsr2025,1,,,,reviewed_ok
168,University of California-Riverside,"University of California, Riverside",Yes,,4/29/2024,https://www.sbsun.com/2024/04/29/gaza-solidarity-encampment-opens-at-uc-riverside/,,https://www.instagram.com/p/C6WJiWURL8l/?img_index=1,,,No,,,,,No,126,Yellow,matched_to_cfsr2025,1,,,,reviewed_ok
169,University of California-San Diego,"University of California, San Diego",Yes,,5/1/2024,https://www.kpbs.org/news/education/2024/05/01/ucsd-students-establish-pro-palestine-encampment-on-campus,,,,,Yes,64.0,https://www.kpbs.org/news/education/2024/05/06/chp-raids-ucsd-gaza-solidarity-encampment,Yes,5/6/24,Yes,125,Yellow,matched_to_cfsr2025,1,,,,reviewed_ok
170,University of California-Santa Barbara,"University of California, Santa Barbara",Yes,,4/25/2024,https://www.chronicle.com/article/heres-where-student-protesters-are-demanding-divestment-from-israel,https://www.latimes.com/california/story/2024-04-25/pro-palestinian-protests-grow-at-ucla-uc-santa-barbara#:~:text=At%20UC%20Santa%20Barbara%2C%20hundreds%20occupied%20the%20student%20resources%20building%20Thursday%20for%20a%20daylong%20series%20of%20workshops%2C%20art%20projects%20and%20other%20actions%20to%20express%20solidarity%20with%20Palestinians%2C%20call%20for%20a%20cease%2Dfire%20and%20demand%20an%20end%20to%20Israel%2Drelated%20investments.,,,,Yes,5.0,"https://www.independent.com/2024/06/24/five-arrested-as-uc-santa-barbaras-liberated-zone-is-cleared-overnight/#:~:text=The%20Sheriff's%20Office%20confirmed%20that,with%20a%20bail%20of%20%242%2C500.",Yes,6/22/24,Yes,173,Yellow,matched_to_cfsr2025,1,,,,reviewed_ok
171,University of California-Santa Cruz,"University of California, Santa Cruz",Yes,Yes,5/2/2024,https://www.ksbw.com/article/santa-cruz-gaza-palestine-camp-antisemitic-signs/60721033,,,,NY times says 124,Yes,124.0,"https://lookout.co/facing-backlash-ucsc-chancellor-defends-police-raid-on-protesters-as-necessary-decision/#:~:text=The%20arrests%20included%20112%20UCSC,wrote%20in%20an%20email%20Tuesday.",Yes,5/30/24,Yes,133,Yellow,matched_to_cfsr2025,1,,,,reviewed_ok
172,University of Central Florida,University of Central Florida,Yes,Yes,5/6/2024,https://www.orlandoweekly.com/news/ucf-students-launch-protest-encampment-demanding-divestment-from-israel-36802308,https://www.tampabay.com/news/education/2024/04/26/florida-college-students-join-national-wave-pro-palestinian-rallies/,,,,No,,,,,Yes,235,Yellow,matched_to_cfsr2025,0,,,,
173,University of Chicago,University of Chicago,Yes,,4/29/2024,https://chicagomaroon.com/42194/news/breaking-pro-palestine-protestors-launch-encampment-on-quad/,https://thechicagothinker.com/breaking-at-uchicago-students-plan-to-emulate-columbia-protests/,https://twitter.com/halfmoonpoem/status/1784963837713584364,,occupation protest may be coming (5/1/24),No,,,,,No,13,Green,matched_to_cfsr2025,0,,,,
174,University of Cincinnati-Main Campus,University of Cincinnati,No,,,,,,,,No,,,,,Not Applicable,222,Yellow,matched_to_cfsr2025,1,,,,reviewed_ok
175,University of Colorado Boulder,"University of Colorado, Boulder",No,,,,,,,,No,,,,,Not Applicable,10,Green,matched_to_cfsr2025,1,,,,reviewed_ok
176,University of Colorado Denver/Anschutz Medical Campus,"University of Colorado, Denver",Yes,,4/25/2024,https://www.denverpost.com/2024/04/25/israel-gaza-palestine-protest-denver-auraria-campus/,https://www.cuindependent.com/2024/04/26/police-precense-at-pro-palestine-encampment-at-cu-denver-campus/,,,,Yes,44.0,https://kdvr.com/news/local/auraria-campus-gives-statement-after-44-arrested-at-pro-palestine-rally/,,4/27/24,Yes,51,Yellow,matched_to_cfsr2025,1,,,,reviewed_ok
177,University of Connecticut,University of Connecticut,Yes,,4/25/2024,https://www.chronicle.com/article/heres-where-student-protesters-are-demanding-divestment-from-israel,https://www.kait8.com/video/2024/04/26/video-student-arrested-during-pro-palestine-protest-uconn/,https://www.instagram.com/reel/C6Mxkrpvu_f/?igsh=MW8wbWVwNDcxdGhoNA==,,https://www.ctpublic.org/news/2024-04-25/police-make-arrests-as-uconn-students-gather-for-pro-palestinian-protest,Yes,25.0,"https://www.nbcconnecticut.com/news/local/police-respond-to-pro-palestinian-protest-at-yale-university/3278589/#:~:text=Officials%20said%20a%20total%20of,329%20medal%20events.",,4/30/24,Yes,220,Yellow,matched_to_cfsr2025,0,,,,
178,University of Dayton,University of Dayton,No,,,,,,,,No,,,,,Not Applicable,216,Red,matched_to_cfsr2025,0,,,,
179,University of Delaware,University of Delaware,Yes,,4/24/2024,https://www.nbcphiladelphia.com/news/local/pro-palestinian-rally-walk-out-encampment-college-school/3841113/,,https://twitter.com/jaivirdi/status/1783495838158701020,,,No,,,,,No,153,Yellow,matched_to_cfsr2025,0,,,,
180,University of Denver,University of Denver,Yes,Yes,5/9/2024,https://kdvr.com/news/local/du-establishes-interim-protest-policy-after-pro-palestine-encampment-set-up/,,,,,No,,,,,No,82,Yellow,matched_to_cfsr2025,0,,,,
181,University of Florida,University of Florida,Yes,,4/24/2024,https://www.orlandoweekly.com/news/university-of-florida-threatens-student-protesters-with-suspension-banishment-from-campus-for-3-years-36727325,https://www.alligator.org/article/2024/04/police-arrest-9-pro-palestine-protestors-on-uf-campus,https://twitter.com/LauraLoomer/status/1783592110949560709,,,Yes,9.0,https://www.gainesville.com/story/news/local/2024/04/29/police-detain-at-least-five-protesters-at-university-of-florida/73507050007/,,4/29/24,Yes,231,Green,matched_to_cfsr2025,0,,,,
182,University of Georgia,University of Georgia,Yes,,4/29/2024,https://www.redandblack.com/uganews/uga-students-join-nationwide-encampment-movement-in-support-of-palestine/article_904ba618-0619-11ef-b2d8-93b98f9f0764.html,https://www.redandblack.com/uganews/16-arrested-on-uga-campus-during-pro-palestine-encampment-demonstration/article_5340fa6c-062c-11ef-9eb1-9b6a8157b2a6.html,https://twitter.com/fizapirani/status/1784918216696865213,,,Yes,16.0,"https://www.11alive.com/article/news/local/mynews/athens/university-of-georgia-campus-protest-encampment-gaza-arrests/85-20e1166c-4120-43f6-be7c-74b7844df1e3#:~:text=Records%20show%20that%2016%20people,%241%2C500%20being%20the%20most%20common.",,4/29/24,Yes,111,Yellow,matched_to_cfsr2025,0,,,,
183,University of Hawaii at Manoa,University of Hawaii,No,,,,,,,,No,,,,,Not Applicable,106,Yellow,matched_to_cfsr2025,1,,,,reviewed_ok
184,University of Houston,University of Houston,Yes,,4/22/2024,https://www.chronicle.com/article/heres-where-student-protesters-are-demanding-divestment-from-israel,,https://www.instagram.com/p/C6CiAg6pLzM/?igsh=MW9xZDRzbW4xaHp3bQ%3D%3D&img_index=1,,,Yes,2.0,https://www.houstonchronicle.com/news/houston-texas/education/article/uh-pro-palestine-rally-arrests-19446416.php,Yes,5/8/24,Yes,157,Yellow,matched_to_cfsr2025,0,,,,
185,University of Idaho,University of Idaho,No,,,,,,,,No,,,,,Not Applicable,63,Yellow,matched_to_cfsr2025,0,,,,
186,University of Illinois at Chicago,"University of Illinois, Chicago",No,,,,,,,,No,,,,,Not Applicable,29,Yellow,matched_to_cfsr2025,1,,,,reviewed_ok
187,University of Illinois at Urbana-Champaign,"University of Illinois, Urbana-Champaign",Yes,,4/26/2024,https://ipmnewsroom.org/pro-palestine-organizers-dispute-uiuc-chancellor-jones-account-of-the-negotiations/,https://abc7chicago.com/protests-for-palestine-at-uiuc-lead-to-1-arrest-as-police-clash-with-demonstrators/14739275/,https://x.com/sfmcguire79/status/1783867484275081475,,,Yes,1.0,https://abc7chicago.com/protests-for-palestine-at-uiuc-lead-to-1-arrest-as-police-clash-with-demonstrators/14739275/,,4/26/24,Yes,86,Yellow,matched_to_cfsr2025,1,,,,reviewed_ok
188,University of Iowa,University of Iowa,Yes,Yes,5/6/2024,https://www.press-citizen.com/story/news/local/2024/05/06/university-of-iowa-police-shut-down-attempted-israel-hamas-war-protest-encampment-hubbard-park/73585851007/,,,,,No,,,,,Yes,55,Yellow,matched_to_cfsr2025,0,,,,
189,University of Kansas,University of Kansas,Yes,,5/1/2024,https://www.kshb.com/news/local-news/university-of-kansas-student-group-to-begin-encampment-to-protest-genocide-of-palestinians-in-gaza,,,,,Yes,1.0,https://www2.ljworld.com/news/ku/2024/may/08/one-arrested-at-palestine-solidarity-event-on-ku-campus-for-refusing-to-vacate-tent/,Yes,5/7/24,Yes,83,Yellow,matched_to_cfsr2025,0,,,,
190,University of Kentucky,University of Kentucky,No,,,,,,,,No,,,,,Not Applicable,79,Yellow,matched_to_cfsr2025,0,,,,
191,University of Louisville,University of Louisville,No,,,,,,,,No,,,,,Not Applicable,66,Green,matched_to_cfsr2025,0,,,,
192,University of Maine,University of Maine,No,,,,,,,,No,,,,,Not Applicable,141,Yellow,matched_to_cfsr2025,0,,,,
193,University of Maryland-College Park,University of Maryland,Yes,,4/22/2024,https://www.chronicle.com/article/heres-where-student-protesters-are-demanding-divestment-from-israel,https://twitter.com/pslnational/status/1782392805626716417,,,,No,,,,,No,19,Green,matched_to_cfsr2025,1,,,,reviewed_ok
194,University of Massachusetts-Amherst,University of Massachusetts,Yes,,4/29/2024,https://dailycollegian.com/2024/05/protestors-form-second-gaza-solidarity-encampment/,https://www.wwlp.com/news/local-news/hampshire-county/rally-planned-outside-of-chancellors-inauguration-at-umass-amherst/,https://twitter.com/kritikalkranti/status/1784958039096807711,,,Yes,130.0,https://dailycollegian.com/2024/05/protestors-form-second-gaza-solidarity-encampment/,Yes,5/7/24,Yes,132,Yellow,matched_to_cfsr2025,1,,,,reviewed_ok
195,University of Memphis,University of Memphis,No,,,,,,,,No,,,,,Not Applicable,39,Yellow,matched_to_cfsr2025,0,,,,
196,University of Miami,University of Miami,No,,,,,,,,No,,,,,Not Applicable,205,Red,matched_to_cfsr2025,0,,,,
197,University of Michigan-Ann Arbor,University of Michigan,Yes,,4/22/2024,https://www.chronicle.com/article/heres-where-student-protesters-are-demanding-divestment-from-israel,https://michiganadvance.com/2024/05/21/four-arrested-as-u-of-m-sends-in-police-to-remove-pro-palestinian-encampment/,https://twitter.com/TAHRIRumich/status/1782438811756044594,,arrests on two different occasions (1+4),Yes,5.0,https://www.bridgemi.com/talent-education/arrest-more-protests-university-michigan-graduation-events,Yes,5/3/24,Yes,47,Yellow,matched_to_cfsr2025,1,,,,reviewed_ok
198,University of Minnesota-Twin Cities,University of Minnesota,Yes,,4/23/2024,https://www.chronicle.com/article/heres-where-student-protesters-are-demanding-divestment-from-israel,,https://twitter.com/umnsds/status/1782714534580396426?s=46,,,Yes,9.0,https://www.cbsnews.com/minnesota/news/university-of-minnesota-pro-palestine-protest-students-arrested/,,4/23/24,Yes,103,Yellow,matched_to_cfsr2025,1,,,,reviewed_ok
199,University of Mississippi,University of Mississippi,No,,,,,,,,No,,,,,Not Applicable,57,Green,matched_to_cfsr2025,0,,,,
200,University of Missouri-Columbia,"University of Missouri, Columbia",No,,,https://abc17news.com/news/columbia/2024/04/30/university-of-missouri-pro-palestine-protest-without-incident-as-campuses-across-nation-see-encampments-arrests/,4/29/2024,,,protest,No,,,,,No,197,Yellow,matched_to_cfsr2025,1,,,,reviewed_ok
201,University of Missouri-Kansas City,"University of Missouri, Kansas City",Yes,,5/1/2024,https://kcbeacon.org/stories/2024/05/01/kansas-city-students-joining-palestine-protests/,,,,,No,,,,,No,146,Yellow,matched_to_cfsr2025,1,,,,reviewed_ok
202,University of Missouri-St Louis,"University of Missouri, St Louis",No,,,,,,,,No,,,,,Not Applicable,17,Yellow,matched_to_cfsr2025,1,,,,reviewed_ok
203,University of Nebraska-Lincoln,University of Nebraska,No,,,,,,,,No,,,,,Not Applicable,172,Yellow,matched_to_cfsr2025,1,,,,reviewed_ok
204,University of Nevada-Las Vegas,"University of Nevada, Las Vegas",No,,,,,,,,No,,,,,Not Applicable,94,Yellow,matched_to_cfsr2025,1,,,,reviewed_ok
205,University of Nevada-Reno,"University of Nevada, Reno",No,,,,,,,,No,,,,,Not Applicable,87,Yellow,matched_to_cfsr2025,1,,,,reviewed_ok
206,University of New Hampshire-Main Campus,University of New Hampshire,Yes,Yes,5/1/2024,https://newhampshirebulletin.com/2024/04/26/as-unh-hosts-rally-against-gaza-war-lawmakers-weigh-campus-free-speech-protections/,https://www.seacoastonline.com/story/news/local/2024/05/01/police-at-unh-arrest-pro-palestine-protesters-setting-up-encampment/73533948007/,,,,Yes,12.0,https://www.nhpr.org/nh-news/2024-05-02/students-faculty-react-after-tense-night-on-college-campuses-in-nh,Yes,5/1/24,Yes,3,Green,matched_to_cfsr2025,1,,,,reviewed_ok
207,University of New Mexico-Main Campus,University of New Mexico,Yes,,4/23/2024,https://www.chronicle.com/article/heres-where-student-protesters-are-demanding-divestment-from-israel,https://www.kunm.org/local-news/2024-04-30/state-police-arrest-pro-palestinian-protestors-at-unm,https://twitter.com/majerle_lister/status/1782517145966133282,,,Yes,16.0,"https://www.kob.com/new-mexico/pro-palestine-protesters-clash-with-police-overnight-at-unm/#:~:text=They%20saw%20at%20least%20four,wrongful%20use%20of%20public%20property.",,4/29/24,Yes,227,Yellow,matched_to_cfsr2025,1,,,,reviewed_ok
208,University of North Carolina at Chapel Hill,"University of North Carolina, Chapel Hill",Yes,,4/19/2024,https://www.dailytarheel.com/article/2024/04/university-breaking-arrests-encampment,https://twitter.com/dailytarheel/status/1783868293465641403,https://twitter.com/UNC_SJP/status/1781511377615515917,,,Yes,36.0,https://www.newsobserver.com/news/local/education/article288140730.html,,4/30/24,Yes,174,Green,matched_to_cfsr2025,1,,,,reviewed_ok
209,University of North Carolina at Charlotte,"University of North Carolina, Charlotte",Yes,,4/22/2024,https://www.wral.com/story/unc-protesters-and-police-clash-after-american-flag-replaced-with-palestinian-flag-during-protests-tuesday/21405640/,,https://twitter.com/UNC_SJP/status/1782430005311467929,,,Yes,1.0,https://www.wbtv.com/2024/05/07/arrest-made-pro-palestine-encampment-unc-charlotte-campus/,Yes,5/7/24,Yes,21,Green,matched_to_cfsr2025,1,,,,reviewed_ok
210,University of North Carolina at Greensboro,"University of North Carolina, Greensboro",No,,,,,,,,No,,,,,Not Applicable,9,Green,matched_to_cfsr2025,1,,,,reviewed_ok
211,University of North Texas,University of North Texas,No,,,,,,,,No,,,,,Not Applicable,221,Yellow,matched_to_cfsr2025,0,,,,
212,University of Notre Dame,University of Notre Dame,Yes,,4/25/2024,https://www.aol.com/notre-dame-students-form-pro-021527133.html,,,,,Yes,17.0,https://www.wsbt.com/news/local/campus-nationwide-spur-arrests-notre-dame-pro-pelestinian-anti-israel-war-middle-east-palestinian-students-south-bend-indiana,Yes,5/2/24,Yes,176,Red,matched_to_cfsr2025,0,,,,
213,University of Oklahoma-Norman Campus,University of Oklahoma,No,,,,,,,,No,,,,,Not Applicable,134,Yellow,matched_to_cfsr2025,1,,,,reviewed_ok
214,University of Oregon,University of Oregon,Yes,,4/29/2024,https://www.dailyemerald.com/news/uo-students-begin-pro-palestine-encampment-on-campus/article_cfc43702-063b-11ef-b8f6-4fb5d6bfc98a.html,,,,one student arrested for gluing posters to buildings. ,No,,,,,No,143,Yellow,matched_to_cfsr2025,0,,,,
215,University of Pennsylvania,University of Pennsylvania,Yes,,4/26/2024,https://www.cbsnews.com/philadelphia/news/palestine-protest-philadelphia-temple-university-penn/,,,,,Yes,33.0,https://www.axios.com/local/philadelphia/2024/05/10/upenn-encampment-arrests-police,Yes,5/10/24,Yes,247,Yellow,matched_to_cfsr2025,0,,,,
216,University of Pittsburgh-Pittsburgh Campus,University of Pittsburgh,Yes,,4/23/2024,https://www.wesa.fm/courts-justice/2024-04-29/pro-palestine-protesters-pittsburgh,https://triblive.com/news/education-classroom/pro-palestine-encampment-with-pitt-students-enters-2nd-day-in-oakland/,https://twitter.com/ThePittNews/status/1782783721340342517,https://www.wpxi.com/news/local/pitt-police-asking-public-be-aware-traffic-disruptions-amidst-demonstrations-oakland/CZA3SIYWPBHPLEZF7HRSQOVLYU/,"2 arrested, 3rd after review of video footage",Yes,3.0,https://www.post-gazette.com/news/crime-courts/2024/06/25/university-of-pittsburgh-protesters-israel-palestinian-florkewicz/stories/202406250058,,various,Yes,130,Yellow,matched_to_cfsr2025,1,,,,reviewed_ok
217,University of Rhode Island,University of Rhode Island,No,,,,,,,,No,,,,,Not Applicable,204,Yellow,matched_to_cfsr2025,0,,,,
218,University of Rochester,University of Rochester,Yes,,4/23/2024,https://www.chronicle.com/article/heres-where-student-protesters-are-demanding-divestment-from-israel,,https://twitter.com/pslnational/status/1782800066064887817?s=46,,,No,,,,,No,121,Yellow,matched_to_cfsr2025,0,,,,
219,University of San Francisco,University of San Francisco,Yes,,4/29/2024,,,https://twitter.com/SamRMickey/status/1785450010475479358,,,No,,,,,No,171,Red,matched_to_cfsr2025,0,,,,
220,University of South Carolina-Columbia,University of South Carolina,Yes,,4/22/2024,https://www.abccolumbia.com/2024/04/22/usc-students-hold-gaza-solidarity-encampment-protest/,,,,,Yes,2.0,https://www.postandcourier.com/columbia/education/usc-protest-arrest-students-columbia-gaza-palestine/article_c6082b38-033e-11ef-aa62-676b517d9c6e.html,,4/23/24,Yes,246,Yellow,matched_to_cfsr2025,1,,,,reviewed_ok
221,University of South Florida-Main Campus,University of South Florida,Yes,,4/29/2024,https://www.usforacle.com/2024/04/29/several-protestors-at-usf-arrested-during-pro-palestine-encampment-protest/,,,,,Yes,13.0,"https://www.usforacle.com/2024/05/28/usf-encampment-protesters-call-for-charges-to-be-dropped/#:~:text=The%2013%20protesters%20were%20arrested,from%20companies%20that%20support%20Israel.&text=Among%20the%20group%20are%20five,to%20university%20spokesperson%20Althea%20Johnson.",,"4/29, 4/30/24",Yes,12,Green,matched_to_cfsr2025,1,,,,reviewed_ok
222,University of Southern California,University of Southern California,Yes,,4/24/2024,https://www.chronicle.com/article/heres-where-student-protesters-are-demanding-divestment-from-israel,,https://www.instagram.com/p/C6JZhysreBQ/?igsh=NmtvenhrbDR5eHh1,,,Yes,93.0,https://www.latimes.com/california/story/2024-04-24/usc-pro-palestinian-encampment,,4/24/24,Yes,109,Red,matched_to_cfsr2025,0,,,,
223,The University of Tennessee-Knoxville,University of Tennessee,No,,,,,,,9 protestors arrested on 5-2-24,No,,,,,Not Applicable,97,Green,matched_to_cfsr2025,1,,,,reviewed_ok
224,The University of Texas at Arlington,"University of Texas, Arlington",Yes,Yes,5/2/2024,https://www.wfaa.com/article/news/education/ut-arlington-pro-palestinian-protest-police/287-7b0fd131-45ef-4938-b9a6-1e04081f54a3,,,,lecturer arrested while attempting to put up tents. But unclear if he was affiliated with the encampment. ,No,,,,,Yes,38,Yellow,matched_to_cfsr2025,1,,,,reviewed_ok
225,The University of Texas at Austin,"University of Texas, Austin",Yes,,4/24/2024,https://www.chronicle.com/article/heres-where-student-protesters-are-demanding-divestment-from-israel,,https://twitter.com/thedailytexan/status/1783180239410958748,,,Yes,136.0,https://www.nytimes.com/interactive/2024/us/pro-palestinian-college-protests-encampments.html,,mult. dates in April,Yes,239,Yellow,matched_to_cfsr2025,1,,,,reviewed_ok
226,The University of Texas at Dallas,"University of Texas, Dallas",Yes,,5/1/2024,https://www.dallasnews.com/news/education/2024/05/01/ut-dallas-students-set-up-an-encampment-overnight-to-protest-war-in-gaza/,,https://www.instagram.com/p/C5_eFk5JkRJ/?igsh=NnVvczE0NDkxN3ly,,,Yes,17.0,https://www.texastribune.org/2024/05/01/ut-dallas-palestinian-protest-arrests/,Yes,5/1/24,Yes,114,Red,matched_to_cfsr2025,1,,,,reviewed_ok
227,The University of Texas at El Paso,"University of Texas, El Paso",No,,,,,,,,No,,,,,Not Applicable,37,Yellow,matched_to_cfsr2025,1,,,,reviewed_ok
228,The University of Texas at San Antonio,"University of Texas, San Antonio",No,,,https://sanantonioreport.org/students-allege-free-speech-violations-at-utsa-march-for-palestine/,4/24/2024,,,march/protest,No,,,,,No,49,Yellow,matched_to_cfsr2025,1,,,,reviewed_ok
229,University of Toledo,University of Toledo,No,,,,,,,,No,,,,,Not Applicable,31,Yellow,matched_to_cfsr2025,0,,,,
230,University of Tulsa,University of Tulsa,No,,,,,,,,No,,,,,Not Applicable,76,Yellow,matched_to_cfsr2025,0,,,,
231,University of Utah,University of Utah,Yes,,4/29/2024,https://kslnewsradio.com/2098666/u-of-u-encampment/,https://www.sltrib.com/news/education/2024/04/29/university-utah-students-join-pro/,,,,Yes,20.0,"https://utahnewsdispatch.com/2024/04/30/university-of-utah-students-organize-another-pro-palestine-protest/#:~:text=After%2019%20people%20were%20arrested,started%20as%20a%20peaceful%20protest.",,"4/29/24, 4/30",Yes,181,Yellow,matched_to_cfsr2025,0,,,,
232,University of Vermont,University of Vermont,Yes,,4/28/2024,https://vtdigger.org/2024/04/28/pro-palestinian-protest-encampments-spring-up-at-the-university-of-vermont-middlebury-college/,,https://x.com/ReneeLevant/status/1784756877089288529,,,No,,,,,No,182,Yellow,matched_to_cfsr2025,0,,,,
233,University of Virginia-Main Campus,University of Virginia,Yes,,5/1/2024,"https://cvillerightnow.com/news/208802-uva-issues-statement-on-attempted-encampment/#:~:text=Earlier%20this%C2%A0afternoon,of%20University%20activities.",https://cvillerightnow.com/news/208802-pro-palestine-protest-escalating-over-encampment-at-uva/,,,,Yes,27.0,https://wset.com/news/local/uva-protests-result-in-27-arrests-administration-addresses-concerns-in-virtual-town-hall-may-2024,Yes,5/4/24,Yes,6,Green,matched_to_cfsr2025,1,,,,reviewed_ok
234,University of Washington-Seattle Campus,University of Washington,Yes,,4/29/2024,https://nypost.com/2024/04/26/us-news/university-of-washington-students-postpone-anti-israel-encampment-over-lack-of-diversity/,https://twitter.com/schwaarzy/status/1783900063263297766,https://twitter.com/schwaarzy/status/1784963604829319316,,,No,,,,,No,178,Red,matched_to_cfsr2025,1,,,,reviewed_ok
235,University of Wisconsin-Eau Claire,"University of Wisconsin, Eau Claire",No,,,,,,,,No,,,,,Not Applicable,201,Yellow,matched_to_cfsr2025,1,,,,reviewed_ok
236,University of Wisconsin-Madison,"University of Wisconsin, Madison",Yes,,4/2/2024,https://www.dailycardinal.com/article/2024/04/live-updates-uw-madison-students-for-justice-in-palestine-holds-rally-calling-for-divestment-from-israel,https://wtmj.com/news/2024/04/26/failing-to-abide-by-these-limitations-can-and-will-have-consequences-uw-madison-sends-email-regarding-nationwide-protests/,https://madison.com/news/local/palestine-protesters-uw-madison-police/article_d441cdd0-07b2-11ef-9d0a-4f3ceb9067e5.html,,,Yes,34.0,"https://www.jsonline.com/story/news/education/2024/05/02/police-arrest-dozens-of-protesters-at-university-of-wisconsin-madison/73518209007/#:~:text=Police%20swarmed%20a%20University%20of,than%20a%20dozen%20new%20ones.",,5/1/24,Yes,60,Yellow,matched_to_cfsr2025,1,,,,reviewed_ok
237,University of Wisconsin-Milwaukee,"University of Wisconsin, Milwaukee",Yes,,4/29/2024,https://www.wisn.com/article/wisconsin-university-milwaukee-madison-protest-encampment-pro-palestine/60639169,,,,"7 arrested for disrupting regents meeting, but not for encampment",No,,,,,No,99,Yellow,matched_to_cfsr2025,1,,,,reviewed_ok
238,University of Wyoming,University of Wyoming,No,,,,,,,,No,,,,,Not Applicable,117,Red,matched_to_cfsr2025,0,,,,
239,Utah State University,Utah State University,No,,,,,,,,No,,,,,Not Applicable,129,Red,matched_to_cfsr2025,0,,,,
240,Vanderbilt University,Vanderbilt University,Yes,,3/26/2024,https://www.chronicle.com/article/heres-where-student-protesters-are-demanding-divestment-from-israel,,https://www.instagram.com/p/C6CT8rjOIpG/?igsh=aXV3ZnN0amdic2Y0,,Arrests occured associated with a protest,No,,,,,No,89,Yellow,matched_to_cfsr2025,0,,,,
241,Vassar College,Vassar College,Yes,,4/30/2024,https://hudsonvalley.news12.com/pro-palestinian-protesters-at-vassar-college-set-up-encampment-demand-divestment,,,,,No,,,,,No,196,Yellow,matched_to_cfsr2025,0,,,,
242,Virginia Commonwealth University,Virginia Commonwealth University,Yes,,4/29/2024,https://www.13newsnow.com/article/news/local/virginia/vcu-palestine-protests-encampment-arrests-richmond-tear-gas/291-819d917e-0eb1-4730-b192-b6df54e7ad4b,,,,,Yes,13.0,"https://www.princewilliamtimes.com/news/police-arrest-13-protesters-at-virginia-commonwealth-university-pro-palestine-event/article_0c0b56a3-ae7f-598e-82af-8f3e34199684.html#:~:text=RICHMOND%20%E2%80%93%20Law%20enforcement%20officers%20arrested,campus%20of%20Virginia%20Commonwealth%20University.",,4/30/24,Yes,184,Yellow,matched_to_cfsr2025,0,,,,
243,Virginia Polytechnic Institute and State University,Virginia Tech University,Yes,,4/26/2024,https://fox28savannah.com/news/nation-world/virginia-tech-students-set-up-gaza-liberation-encampment-on-campus-lawn-free-palestine-coalition-columbia-university-israel-antisemitism-yale-harvard-april-2024,,https://www.instagram.com/vt4palestine/?igsh=czJ2bTJmNm9xb2ho,,,Yes,82.0,"https://wset.com/news/local/dozens-of-protesters-at-arrested-at-virginia-techs-gaza-liberation-encampment-palestine-israel-conflict-vt-tim-sands-coalition-blacksburg-police-freedom-of-speech-april-2024#:~:text=82%20protesters%20arrested%20at%20Virginia%20Tech's%20Gaza%20Liberation%20Encampment,-by%20Robert%20Locklear&text=BLACKSBURG%2C%20Va.,%22Shame%20on%20you!",,4/29/24,Yes,160,Yellow,matched_to_cfsr2025,1,,,,reviewed_ok
244,Wake Forest University,Wake Forest University,Yes,,4/30/2024,https://wfuogb.com/24383/news/pro-palestinian-protest-on-hearn-plaza-evolves-into-encampment/,,,,,No,,,,,No,88,Yellow,matched_to_cfsr2025,0,,,,
245,Washington and Lee University,Washington and Lee University,No,,,,,,,,No,,,,,Not Applicable,20,Yellow,matched_to_cfsr2025,0,,,,
246,Washington State University,Washington State University,No,,,,,,,,No,,,,,Not Applicable,151,Yellow,matched_to_cfsr2025,0,,,,
247,Washington University in St Louis,Washington University in St Louis,Yes,,4/20/2024,https://www.chronicle.com/article/heres-where-student-protesters-are-demanding-divestment-from-israel,https://www.studlife.com/news/2024/04/24/police-disband-pro-palestine-protest-and-encampment-during-alumni-weekend,https://www.instagram.com/p/C5_vuO6pYFF/?img_index=1,,,Yes,100.0,"https://andrewdmartin.wustl.edu/this-weekends-demonstration/#:~:text=In%20the%20process%20of%20making,not%20our%20students%20or%20employees.",,4/27/24,Yes,135,Yellow,matched_to_cfsr2025,0,,,,
248,Wayne State University,Wayne State University,Yes,Yes,5/23/2024,https://www.detroitnews.com/story/news/local/detroit-city/2024/05/24/group-sets-up-pro-palestinian-encampment-at-wayne-state/73834896007/,,,,,Yes,12.0,"https://www.insidehighered.com/news/quick-takes/2024/05/31/police-dismantle-encampment-wayne-state#:~:text=At%20least%2012%20pro%2DPalestinian,The%20Detroit%20Free%20Press%20reported.",Yes,5/31/24,Yes,93,Yellow,matched_to_cfsr2025,0,,,,
249,Wellesley College,Wellesley College,No,,,,,,,,No,,,,,Not Applicable,167,Yellow,matched_to_cfsr2025,0,,,,
250,Wesleyan University,Wesleyan University,Yes,,4/28/2024,https://www.wtnh.com/news/connecticut/middlesex/wesleyan-students-join-national-protests-and-launch-an-encampment/,,https://twitter.com/ReneeLevant/status/1784758232784740530,,,No,,,,,No,115,Yellow,matched_to_cfsr2025,0,,,,
251,West Virginia University,West Virginia University,No,,,,,,,,No,,,,,Not Applicable,105,Yellow,matched_to_cfsr2025,0,,,,
252,Western Michigan University,Western Michigan University,Yes,,4/27/2024,https://www.wjr.com/2024/04/29/student-encampments-continue-at-three-michigan-universities/,https://www.mlive.com/news/kalamazoo/2024/04/wmu-sends-police-to-campus-gaza-protest-to-prohibit-tents-overnight-camping.html,,,,No,,,,,Yes,215,Red,matched_to_cfsr2025,0,,,,
253,Wheaton College (Massachusetts),Wheaton College,No,,,,,,,,No,,,,,Not Applicable,149,Yellow,matched_to_cfsr2025,1,,,,reviewed_ok
254,Williams College,Williams College,Yes,,5/1/2024,https://williamsrecord.com/466976/news/williams-college-encampment/,,,,,No,,,,,No,145,Yellow,matched_to_cfsr2025,0,,,,
255,Worcester Polytechnic Institute,Worcester Polytechnic Institute,No,,,,,,,,No,,,,,Not Applicable,78,Yellow,matched_to_cfsr2025,0,,,,
256,Wright State University-Main Campus,Wright State University,No,,,,,,,,No,,,,,Not Applicable,28,Yellow,matched_to_cfsr2025,1,,,,reviewed_ok
257,Yale University,Yale University,Yes,,4/22/2024,https://www.chronicle.com/article/heres-where-student-protesters-are-demanding-divestment-from-israel,https://www.chronicle.com/article/dozens-of-students-arrested-at-yale-as-administrators-clear-encampment,https://x.com/BTnewsroom/status/1782250646567088129,,https://yaledailynews.com/blog/2024/04/22/live-police-begin-arresting-pro-divestment-protesters-on-beinecke-plaza/,Yes,52.0,https://www.nytimes.com/interactive/2024/us/pro-palestinian-college-protests-encampments.html,,mult. dates in April,Yes,234,Yellow,matched_to_cfsr2025,0,,,,
